brasil,persistência de dados
música,mundo,empresa,persistência de dados
javascript,persistência de dados
estrutura de dados,canal atequita
brasil,desenho
mundo,desenvolvedor web,frameworks
django,level design
mundo,carreira freelancer,estrutura de dados,produção,roadmap de estudos
php,roadmap de estudos
membros ativos,canal atequita,algoritmos
equipe,marketing,php,algoritmos
desenho,base de dados
api,tecnologia
frameworks,negociação,roadmap de estudos,brasileira
dificuldades,economia,base de dados,desenho,django
servidores,front-end,freelancing,vídeo
dólar,level design,node,conceito visual
html,mundo
desenho,tecnologia,mundo,versionamento de código
base de dados,produção
front-end,servidores,back-end,jogos,api
html,produção,membros ativos
frameworks,front-end
dificuldades,oportunidade,música
cms,base de dados,produção
javascript,xbox,servidores
mundo,roastinger
roadmap de estudos,xbox
produção,conceito visual,marketing,dólar,vídeo
marketing,gestão de conteúdo,demanda,bibliotecas
equipe,negociação,empresa,música,persistência de dados
persistência de dados,estrutura de dados,canal atequita,wordpress
back-end,mundo,empresa,desenvolvedor web,demanda
php,comunicação
equipe,front-end
regras de negócio,javascript,canal atequita
base de dados,frameworks
dev,negociação,django,versionamento de código,administração
javascript,vídeo
react,gestão de conteúdo,algoritmos,economia
canal atequita,jogos,cms,administração
desenvolvedor web,php,lançamentos,desenvolvimento
servidores,front-end,desenvolvedor web,frameworks
equipe,back-end,php
dificuldades,react,dev
frameworks,xbox
brasil,economia,back-end,vídeo,servidores
música,comunicação,vídeo,dólar
desenho,oportunidade
roastinger,conceito visual,php,dificuldades,react
empresa,html,css
negociação,dev,versionamento de código
marketing,dificuldades,php,oportunidade,membros ativos
node,roteiro,bibliotecas
carreira freelancer,wordpress,dev,economia
mundo,conceito visual,algoritmos
estrutura de dados,django
estrutura de dados,mundo,administração
node,front-end
mundo,conceito visual
versionamento de código,algoritmos
desenvolvedor web,música
html,demanda,marketing,dificuldades
oportunidade,vídeo,dólar
música,regras de negócio,css,roadmap de estudos,bula zedekita
desenvolvimento,html,canal atequita
canal atequita,bula zedekita,cms,versionamento de código
javascript,gestão de conteúdo
comunicação,bibliotecas
roadmap de estudos,versionamento de código,desenvolvimento,música
level design,dificuldades,carreira freelancer
canal atequita,lançamentos,produção
música,versionamento de código,conceito visual,carreira freelancer,roadmap de estudos
comunicação,gestão de conteúdo
desenho,php
jogos,bula zedekita,demanda
marketing,versionamento de código,bibliotecas,wordpress,comunicação
base de dados,administração,negociação
programação,canal atequita,membros ativos,oportunidade,regras de negócio
equipe,level design,programação,marketing,comunicação
persistência de dados,xbox
comunicação,estrutura de dados
desenvolvedor web,tecnologia,dev,jogos,comunicação
tecnologia,lançamentos
frameworks,conceito visual
bibliotecas,economia,vídeo
estrutura de dados,frameworks,brasileira
bula zedekita,html
negociação,marketing,html,node
música,negociação,bibliotecas,empresa
cms,xbox,php,conceito visual
cms,freelancing
conceito visual,dificuldades
desenvolvedor web,negociação,empresa
vídeo,conceito visual,música,back-end
jogos,carreira freelancer,servidores,dificuldades
freelancing,roadmap de estudos,gestão de conteúdo,dev
html,roastinger
html,desenvolvimento,vídeo,empresa
economia,vídeo,desenvolvimento,persistência de dados
produção,programação,frameworks
node,algoritmos,marketing
desenvolvedor web,demanda,negociação,wordpress
desenho,front-end
servidores,produção,brasileira,administração,algoritmos
front-end,negociação,jogos
django,node,canal atequita,administração,economia
vídeo,membros ativos
dificuldades,brasileira,servidores
estrutura de dados,django,equipe,canal atequita
brasileira,roteiro,back-end
wordpress,api
javascript,música,html
api,react
freelancing,persistência de dados,equipe,música,versionamento de código
roadmap de estudos,lançamentos,vídeo
brasil,lançamentos,persistência de dados,algoritmos,regras de negócio
roadmap de estudos,html,versionamento de código,persistência de dados,música
jogos,regras de negócio,membros ativos,desenvolvimento
versionamento de código,brasileira,tecnologia,css,mundo
roastinger,cms,api
roastinger,regras de negócio,versionamento de código,mundo
brasil,html,level design
algoritmos,produção,versionamento de código,conceito visual,react
api,gestão de conteúdo,desenvolvedor web,bibliotecas
brasil,economia,vídeo,negociação
estrutura de dados,negociação,brasileira
frameworks,canal atequita
oportunidade,regras de negócio,xbox,canal atequita
base de dados,wordpress
negociação,brasileira,node
administração,dev,roadmap de estudos,dificuldades,javascript
back-end,canal atequita,conceito visual
freelancing,xbox,html,tecnologia
oportunidade,wordpress
desenvolvedor web,roteiro,html,bula zedekita
bibliotecas,membros ativos,programação,django
level design,bula zedekita,html
javascript,persistência de dados,wordpress,lançamentos,freelancing
bibliotecas,django,servidores,administração
programação,marketing,canal atequita,regras de negócio
cms,carreira freelancer,javascript,marketing
regras de negócio,wordpress,persistência de dados,jogos,html
programação,desenvolvedor web
desenho,roastinger,php,música
mundo,roadmap de estudos,level design,equipe
brasileira,música
freelancing,tecnologia,react,conceito visual,cms
vídeo,front-end,dólar,level design,node
demanda,bibliotecas,música,equipe,gestão de conteúdo
wordpress,php
react,canal atequita
lançamentos,roadmap de estudos,membros ativos
comunicação,django,música,tecnologia,economia
empresa,roadmap de estudos,cms,html,dev
php,wordpress,carreira freelancer,freelancing
servidores,django,carreira freelancer,wordpress,jogos
carreira freelancer,negociação,php,música,servidores
react,dev,demanda,front-end
produção,carreira freelancer,conceito visual
música,produção,algoritmos,xbox
empresa,equipe
base de dados,membros ativos,equipe
conceito visual,bula zedekita,algoritmos
bula zedekita,comunicação,marketing,servidores,base de dados
tecnologia,vídeo
css,administração,api,roteiro,php
tecnologia,wordpress,servidores,bula zedekita,dificuldades
demanda,mundo,produção
demanda,brasil,base de dados,algoritmos,html
oportunidade,jogos,servidores,cms,empresa
bibliotecas,estrutura de dados
desenho,gestão de conteúdo
empresa,versionamento de código,cms,lançamentos,comunicação
base de dados,xbox,marketing,cms
algoritmos,php,vídeo,base de dados
php,servidores,bula zedekita,negociação
css,brasil
api,mundo
react,gestão de conteúdo
php,brasil
level design,servidores,brasil
música,empresa,css
dólar,marketing
membros ativos,negociação,react,back-end,jogos
react,roastinger
roteiro,desenvolvimento,estrutura de dados
roteiro,dólar
bibliotecas,node,level design,conceito visual,estrutura de dados
desenvolvimento,membros ativos,react
tecnologia,javascript,frameworks,roadmap de estudos
regras de negócio,dólar
api,dificuldades
html,back-end,conceito visual,desenvolvedor web,gestão de conteúdo
administração,tecnologia,bula zedekita,roastinger
desenvolvimento,canal atequita,back-end,front-end,wordpress
node,equipe,canal atequita,lançamentos,oportunidade
freelancing,roadmap de estudos,dificuldades,react
cms,canal atequita,roastinger,oportunidade,estrutura de dados
xbox,tecnologia,música,servidores
produção,vídeo
música,php,cms,dólar,freelancing
algoritmos,brasil,demanda,tecnologia,xbox
demanda,marketing,api
algoritmos,produção,vídeo,frameworks
django,administração,dev,level design
música,oportunidade
demanda,django,php,música,membros ativos
gestão de conteúdo,node,demanda,carreira freelancer,regras de negócio
desenho,programação
bibliotecas,membros ativos,música
html,estrutura de dados,back-end,css
canal atequita,persistência de dados,django,algoritmos
membros ativos,cms,produção,roteiro
mundo,economia,oportunidade,level design
economia,persistência de dados,dificuldades,php
level design,marketing,persistência de dados
produção,oportunidade,estrutura de dados,php,dev
desenvolvimento,servidores,level design,programação
back-end,lançamentos,roteiro
node,dificuldades
produção,brasileira,comunicação
membros ativos,empresa,front-end,versionamento de código
desenvolvimento,versionamento de código,administração,dólar,programação
css,carreira freelancer,algoritmos,lançamentos,comunicação
versionamento de código,css,economia,roastinger
bibliotecas,demanda
dólar,front-end
equipe,roadmap de estudos
desenho,música,economia,django
frameworks,regras de negócio,freelancing,mundo,react
carreira freelancer,roteiro,versionamento de código,estrutura de dados,canal atequita
dólar,freelancing,comunicação,persistência de dados
php,marketing
negociação,html,desenho
música,lançamentos,django
jogos,administração
carreira freelancer,membros ativos,frameworks,css,programação
mundo,programação
membros ativos,versionamento de código,cms,conceito visual
negociação,regras de negócio,front-end
canal atequita,economia,dificuldades
gestão de conteúdo,equipe,produção
conceito visual,comunicação,jogos
frameworks,persistência de dados,roastinger,dólar
carreira freelancer,economia,cms,membros ativos
membros ativos,bibliotecas,produção,desenvolvedor web
carreira freelancer,desenho,frameworks,brasileira,vídeo
persistência de dados,xbox,frameworks,negociação,brasil
mundo,javascript
php,javascript
dólar,brasileira,php,lançamentos
dev,gestão de conteúdo,carreira freelancer,produção,lançamentos
front-end,roastinger,demanda,desenho,css
bula zedekita,algoritmos,xbox,html
tecnologia,jogos
bula zedekita,membros ativos,demanda,programação
roastinger,php,django,brasileira,cms
xbox,negociação
economia,react,bibliotecas,versionamento de código
html,versionamento de código
bula zedekita,comunicação,level design,dev,back-end
front-end,carreira freelancer,php,comunicação,marketing
django,empresa,programação,carreira freelancer
economia,brasil,front-end,frameworks,roadmap de estudos
node,jogos,roteiro
django,bula zedekita
mundo,servidores
cms,economia
demanda,node,programação
bula zedekita,servidores,css,música
django,equipe,base de dados,level design,frameworks
versionamento de código,conceito visual,produção
algoritmos,regras de negócio,desenvolvedor web,produção,roastinger
programação,oportunidade
servidores,estrutura de dados,html,demanda
carreira freelancer,dificuldades,css
algoritmos,django,php,dificuldades
cms,xbox,versionamento de código,level design,membros ativos
dólar,base de dados,mundo
brasileira,xbox,persistência de dados,css,node
base de dados,html,regras de negócio,roastinger,gestão de conteúdo
demanda,brasileira,empresa
versionamento de código,desenvolvimento,tecnologia,carreira freelancer
dev,cms
oportunidade,equipe
versionamento de código,gestão de conteúdo,equipe,conceito visual,css
algoritmos,freelancing,membros ativos,bibliotecas
tecnologia,algoritmos
xbox,front-end,node,vídeo,php
versionamento de código,dificuldades,brasileira,freelancing,conceito visual
front-end,javascript,programação
persistência de dados,desenho,canal atequita
php,front-end
carreira freelancer,jogos
wordpress,brasil,brasileira,xbox
programação,api
canal atequita,equipe,música,dev
dólar,javascript,regras de negócio,lançamentos,jogos
desenho,freelancing,versionamento de código
freelancing,javascript,música,demanda,estrutura de dados
mundo,cms,front-end
cms,negociação,html,administração
wordpress,programação,javascript,dificuldades,jogos
carreira freelancer,api
front-end,canal atequita,membros ativos,negociação
tecnologia,roteiro,level design,base de dados,css
música,base de dados
dólar,programação,membros ativos,brasil
produção,administração,dólar,versionamento de código,javascript
frameworks,persistência de dados
servidores,wordpress,programação,react,roadmap de estudos
frameworks,roadmap de estudos,api
front-end,level design,freelancing
javascript,php,oportunidade,react
front-end,desenvolvimento,wordpress
roteiro,regras de negócio
brasileira,estrutura de dados,back-end,oportunidade,empresa
programação,xbox
lançamentos,level design,empresa,regras de negócio,dificuldades
dev,desenvolvedor web,produção,servidores
negociação,roastinger,css
persistência de dados,versionamento de código,algoritmos,roadmap de estudos
cms,conceito visual
php,mundo,versionamento de código
tecnologia,roadmap de estudos,django,back-end,desenho
administração,negociação,dificuldades,economia,cms
javascript,persistência de dados,negociação,estrutura de dados
roastinger,front-end,back-end,desenvolvimento,javascript
css,brasil,freelancing
freelancing,mundo,gestão de conteúdo,conceito visual
membros ativos,roteiro,gestão de conteúdo,bula zedekita,economia
brasileira,roteiro,demanda
desenvolvimento,música
base de dados,cms,back-end
estrutura de dados,persistência de dados,oportunidade,equipe,vídeo
gestão de conteúdo,desenvolvimento,servidores,demanda,freelancing
produção,brasileira,membros ativos,back-end,marketing
carreira freelancer,música,tecnologia,back-end,desenvolvimento
dificuldades,wordpress,gestão de conteúdo,api
bibliotecas,produção
economia,tecnologia,roastinger
desenho,html,marketing,gestão de conteúdo,front-end
comunicação,regras de negócio
música,empresa,regras de negócio,dólar
conceito visual,servidores,php
estrutura de dados,marketing,roastinger
algoritmos,react,equipe
produção,tecnologia
empresa,dificuldades,negociação
economia,html,versionamento de código
empresa,administração
regras de negócio,música,estrutura de dados,xbox
lançamentos,negociação
empresa,persistência de dados
dev,economia,persistência de dados,conceito visual,css
react,back-end,desenvolvedor web,estrutura de dados,desenvolvimento
desenvolvedor web,mundo,freelancing,brasileira,oportunidade
cms,gestão de conteúdo,brasil,comunicação
tecnologia,bibliotecas,canal atequita,javascript,desenvolvimento
node,carreira freelancer,conceito visual,wordpress,desenho
frameworks,equipe,conceito visual,empresa
freelancing,front-end,estrutura de dados,django
base de dados,frameworks,dev,programação
desenvolvedor web,frameworks,canal atequita,desenvolvimento,regras de negócio
tecnologia,gestão de conteúdo
canal atequita,carreira freelancer,vídeo
bula zedekita,algoritmos,roastinger
bibliotecas,bula zedekita,oportunidade,desenvolvimento,xbox
xbox,html,negociação,back-end,equipe
conceito visual,desenho,servidores,canal atequita,desenvolvimento
roadmap de estudos,empresa,django,comunicação
html,economia,bula zedekita,api
versionamento de código,oportunidade,comunicação,programação,frameworks
api,desenvolvimento,dólar,desenvolvedor web
equipe,html,css
tecnologia,desenvolvimento,api
economia,php,produção,dólar
roadmap de estudos,canal atequita,tecnologia
frameworks,html
brasil,lançamentos,produção,membros ativos
algoritmos,api,administração,lançamentos
dólar,html,bibliotecas
equipe,persistência de dados
desenho,persistência de dados
base de dados,bula zedekita,cms
jogos,back-end,roteiro,oportunidade
react,dólar,frameworks,desenho
equipe,jogos
javascript,desenho
carreira freelancer,html,canal atequita,demanda
bula zedekita,produção,marketing,php,desenvolvedor web
api,canal atequita
programação,javascript
dev,html,roteiro,brasileira,mundo
frameworks,comunicação,administração,marketing,roteiro
react,empresa,php
programação,xbox,economia,administração
persistência de dados,canal atequita,lançamentos,empresa,base de dados
desenvolvedor web,django,servidores
complexidade,pouca roupa de frio,memória,análise de algoritmos
análise acentótica,siniciente,complexidade,mega bigoteta,binária
binária,pouca roupa de frio,lifo,eficiente,programador
escolha de estruturas de dados,pouca roupa de frio,análise acentótica,mega bigoteta
programação,desempenho,siniciente
conjunto,programação,diferença,importância
busca,pouca roupa de frio,algoritmo,conjunto,lógica de programação
implementação,memória,percorrer,estruturidades lineares
área de computação,eficiente
algoritmo,área de computação
percorrer,notação bigul,matriz
importância,diferença,estruturidades
fila,estruturidades não lineares,computador,estruturidades
estruturidades não lineares,percorrer
siniciente,organização,binária,busca,regra de armazenamento
eficiente,mega bigoteta,estruturidades,regra de armazenamento
tempo de execução,regra de armazenamento
pilha,linguagem de x e x,busca,armazenar
área de computação,complexidade,lógica de programação,siniciente
análise de algoritmos,armazenar,organização de dados,árvore,listas
estrutura de dados,conjunto
siniciente,busca,arranjo,pilha,memória
regra de armazenamento,programação
mega bigoteta,computador,tempo de execução
armazenar,regra de armazenamento,diferença
lifo,conjunto,área de computação,estrutura de dados
análise de algoritmos,importância,lifo
regra de armazenamento,algoritmo,desempenho,estruturidades lineares,organização de dados
listas,pilhas,programador,percorrer
fila,computador,armazenar,pilha
complexidade,memória,diferença,arranjo
listas,linguagem de programação,matriz,fifo,computador
memória,conjunto,busca
notação bigul,lógica de programação,estrutura de dados
estruturas de dados,computador,lifo,conjunto,lógica de programação
estrutura de dados,pilha,memória,vetor,estruturas de dados
estrutura de dados,fifo
área de computação,organização de dados,análise acentótica,lógica de programação,estruturidades não lineares
memória,percorrer,tipo obstrato de dados
implementação,estruturas de dados,estruturidades
listas,pilha
área de computação,percorrer
fifo,memória
computador,pilhas,estruturidades
estruturidades não lineares,árvore,implementar
matriz,regra de armazenamento,análise de algoritmos
organização de dados,fila,matriz,importância,regra de armazenamento
organização,memória,pilha,regra de armazenamento
algoritmos,importância,lógica de programação
árvore,fila,organização de dados,fila,binária
siniciente,percorrer,listas,pilhas,área de computação
estruturidades lineares,vetor,fila,programação,computador
linguagem de programação,armazenar,estrutura de dados
organização de dados,arranjo,diferença,lifo,algoritmo
listas,conjunto
linguagem de x e x,regra de armazenamento,área de computação
árvore,programação,conjunto
vetor,regra de armazenamento,notação bigul
programador,armazenar
área de computação,organização de dados,importância,pilhas,conjunto
implementação,análise acentótica,mega bigoteta,diferença
pilha,estruturidades,estruturas de dados,análise de algoritmos
árvore,tempo de execução,implementar,estruturas de dados
regra de armazenamento,desempenho,acesso conveniente,conjunto,análise acentótica
graduação,árvore,estruturidades,arranjo
escolha de estruturas de dados,percorrer,listas,importância,lógica de programação
armazenar,importância
eficiente,pilha,desempenho,siniciente,complexidade
árvore,tipo obstrato de dados
eficiente,área de computação
lifo,estruturidades,listas
acesso conveniente,desempenho,notação bigul,importância,binária
estruturidades não lineares,fifo,conjunto,algoritmo,organização de dados
algoritmo,algoritmos
pilhas,tempo de execução
eficiente,pilhas
linguagem de programação,memória,análise acentótica,notação bigul
notação bigul,importância
percorrer,busca
estruturas de dados,análise de algoritmos,notação bigul,algoritmos
vetor,estrutura de dados,estruturidades não lineares,árvore
implementar,tempo de execução,eficiente,estruturidades não lineares,programação
complexidade,lifo,percorrer
análise de algoritmos,listas,fila,pilha,mega bigoteta
área de computação,pouca roupa de frio,vetor,algoritmos
linguagem de programação,análise de algoritmos,organização,estrutura de dados,fila
notação bigul,percorrer,armazenar,estrutura de dados
linguagem de x e x,escolha de estruturas de dados,programação,organização de dados
pouca roupa de frio,memória,regra de armazenamento,pilhas,memória
tipo obstrato de dados,implementar,organização de dados
programação,conjunto,matriz,programação
programação,computador
algoritmos,listas,mega bigoteta
conjunto,mega bigoteta
lógica de programação,regra de armazenamento,computador,lifo
estruturidades lineares,implementar,regra de armazenamento,notação bigul,análise de algoritmos
desempenho,programação,linguagem de x e x,eficiente
complexidade,fifo
organização de dados,área de computação,programação,memória,fila
análise acentótica,estruturidades,computador
análise de algoritmos,estruturas de dados,complexidade,importância,percorrer
organização de dados,pilhas,binária,análise de algoritmos
fila,regra de armazenamento,organização de dados
regra de armazenamento,organização,complexidade,binária
algoritmo,organização de dados,pouca roupa de frio
estrutura de dados,linguagem de x e x,importância,escolha de estruturas de dados
memória,estruturidades não lineares
algoritmo,pilhas,arranjo,escolha de estruturas de dados,linguagem de programação
lifo,regra de armazenamento,graduação,desempenho
implementar,tipo obstrato de dados,fila,escolha de estruturas de dados
complexidade,regra de armazenamento,estruturidades não lineares
conjunto,programação,fila,mega bigoteta,fifo
lifo,complexidade,arranjo,algoritmos
lógica de programação,estruturidades lineares,lifo,implementar
pilha,organização de dados,área de computação
escolha de estruturas de dados,fila,pilha
importância,pilha,tipo obstrato de dados
organização de dados,arranjo
siniciente,programação,arranjo,estruturas de dados
complexidade,lógica de programação
lifo,matriz,tempo de execução,algoritmo,programador
vetor,binária,complexidade,estruturas de dados,mega bigoteta
regra de armazenamento,siniciente
estruturas de dados,árvore,percorrer,arranjo
percorrer,estruturas de dados,programação
árvore,escolha de estruturas de dados
lógica de programação,estruturidades lineares,mega bigoteta
notação bigul,algoritmo,listas
linguagem de programação,fila
estruturas de dados,eficiente,lógica de programação,desempenho
área de computação,estrutura de dados
busca,estruturidades,estruturidades lineares
árvore,binária,análise de algoritmos,vetor
conjunto,análise de algoritmos
estrutura de dados,graduação,percorrer,binária
desempenho,eficiente,análise acentótica,tipo obstrato de dados,algoritmos
estrutura de dados,lógica de programação,tempo de execução,importância
lógica de programação,siniciente,complexidade,implementar,armazenar
regra de armazenamento,programador,tempo de execução
graduação,memória,computador,estruturidades,mega bigoteta
matriz,notação bigul,pouca roupa de frio,estruturas de dados
área de computação,arranjo,diferença,mega bigoteta
siniciente,escolha de estruturas de dados,linguagem de x e x
importância,estruturidades,diferença,armazenar,listas
desempenho,programador,importância,estruturidades lineares,vetor
binária,matriz,mega bigoteta,fila
tipo obstrato de dados,área de computação,siniciente
lógica de programação,tipo obstrato de dados,análise acentótica,conjunto,pouca roupa de frio
importância,graduação,busca,notação bigul,armazenar
listas,tipo obstrato de dados
listas,algoritmos,acesso conveniente,diferença,programação
linguagem de programação,matriz,organização de dados
organização de dados,análise de algoritmos,pouca roupa de frio,armazenar,binária
organização de dados,arranjo,listas
pilhas,área de computação
organização,arranjo,linguagem de x e x,vetor,desempenho
estruturas de dados,diferença
organização de dados,pilha,memória,arranjo,organização
fila,computador,área de computação
área de computação,análise de algoritmos,estruturas de dados,lifo,memória
algoritmo,siniciente,estruturidades,computador,área de computação
mega bigoteta,desempenho,estruturidades lineares
desempenho,memória,árvore,lógica de programação,busca
área de computação,árvore,algoritmos,tipo obstrato de dados
tempo de execução,vetor,análise acentótica,organização de dados
fila,escolha de estruturas de dados,programador,busca
pilha,matriz,implementar,eficiente
computador,tempo de execução
estrutura de dados,pilha,percorrer,busca
matriz,armazenar,busca
estruturidades lineares,algoritmo,eficiente,matriz,desempenho
estruturidades,vetor,fila,importância,análise de algoritmos
fila,análise acentótica
mega bigoteta,programador,estruturidades,implementar,graduação
área de computação,percorrer,desempenho,tempo de execução,memória
lifo,estruturas de dados
arranjo,mega bigoteta,fifo
algoritmo,pilhas,mega bigoteta,estruturidades não lineares,siniciente
algoritmos,notação bigul,fila,percorrer
desempenho,tempo de execução,fila,importância
arranjo,lógica de programação,implementação,percorrer
lifo,graduação,implementar,tipo obstrato de dados
tempo de execução,notação bigul,arranjo,pilha
listas,escolha de estruturas de dados,binária,fila
pouca roupa de frio,vetor,notação bigul,percorrer,programação
listas,análise de algoritmos,lifo
notação bigul,regra de armazenamento
memória,tempo de execução,graduação,fila
arranjo,implementar,linguagem de x e x,estruturas de dados
desempenho,memória
importância,armazenar,fifo
eficiente,implementação,armazenar
programador,memória
diferença,fila,percorrer,estruturas de dados,acesso conveniente
programador,estrutura de dados,tempo de execução
estrutura de dados,fila,organização,listas,mega bigoteta
estrutura de dados,armazenar,percorrer,conjunto
algoritmos,memória,matriz
estruturidades não lineares,programador
análise de algoritmos,árvore,pouca roupa de frio
estruturidades não lineares,memória,listas,análise de algoritmos,acesso conveniente
binária,computador,diferença,memória
siniciente,estrutura de dados,algoritmos,algoritmo
estruturas de dados,área de computação,siniciente,linguagem de x e x,fila
memória,estruturidades lineares
estrutura de dados,linguagem de programação,lifo,estruturidades não lineares,acesso conveniente
pilha,listas,binária,fila
estruturidades não lineares,desempenho,eficiente
vetor,programação,área de computação,mega bigoteta,conjunto
fifo,diferença,estruturidades não lineares,estruturas de dados,tempo de execução
importância,acesso conveniente,linguagem de programação,pilhas
regra de armazenamento,organização,linguagem de x e x
lógica de programação,busca,matriz,binária
linguagem de programação,estrutura de dados
implementar,importância,armazenar,fifo
siniciente,lógica de programação
pouca roupa de frio,fila,área de computação
implementar,escolha de estruturas de dados,eficiente,listas
desempenho,implementação,estruturas de dados,tempo de execução
siniciente,memória,computador
programador,implementar,arranjo,tempo de execução
organização,importância,fila
algoritmo,regra de armazenamento
complexidade,binária,escolha de estruturas de dados,armazenar
binária,algoritmos,estruturidades
mega bigoteta,algoritmo,regra de armazenamento
fila,graduação
conjunto,área de computação,regra de armazenamento,programação,armazenar
estruturas de dados,área de computação,programador,siniciente,binária
arranjo,siniciente
matriz,análise acentótica,pouca roupa de frio,linguagem de programação
memória,graduação
análise de algoritmos,programação
implementar,complexidade,algoritmos,armazenar
tempo de execução,análise de algoritmos
programador,estruturidades não lineares,percorrer,estruturas de dados
organização de dados,pilhas,regra de armazenamento,conjunto,fila
estrutura de dados,notação bigul,escolha de estruturas de dados
algoritmos,pouca roupa de frio,algoritmo
matriz,implementação,árvore
organização,análise acentótica
siniciente,fila,matriz,algoritmos
algoritmos,pilhas,vetor,implementação,importância
notação bigul,estruturidades,linguagem de x e x,fila,matriz
análise de algoritmos,programação
desempenho,percorrer,análise acentótica,importância,graduação
diferença,computador
regra de armazenamento,computador
importância,memória
pouca roupa de frio,regra de armazenamento
algoritmos,graduação,organização
estruturas de dados,área de computação
implementação,vetor,matriz,binária
binária,computador,percorrer,fila
importância,lógica de programação,estruturidades,fifo
programador,lógica de programação,linguagem de x e x
arranjo,busca
eficiente,fila,programação
armazenar,notação bigul,estrutura de dados,fifo,pilhas
implementar,programador,estruturidades,lógica de programação
estruturidades não lineares,organização,algoritmos,tempo de execução,importância
lógica de programação,lifo,estruturidades
armazenar,arranjo,programador,algoritmo,estruturas de dados
importância,linguagem de programação,graduação,memória,estrutura de dados
regra de armazenamento,organização de dados
algoritmos,matriz
armazenar,linguagem de x e x,pilhas
complexidade,fila
tempo de execução,graduação,memória
acesso conveniente,graduação,fila,memória
memória,organização
importância,implementar,computador,lifo,graduação
importância,arranjo,mega bigoteta,percorrer,listas
siniciente,algoritmos,estrutura de dados,notação bigul,lógica de programação
organização de dados,área de computação,tipo obstrato de dados,siniciente
programação,matriz
organização,árvore,mega bigoteta,graduação,organização de dados
programador,análise de algoritmos,binária,implementação
análise acentótica,linguagem de programação,arranjo
listas,estruturidades,fila,memória,implementação
binária,árvore,importância,tipo obstrato de dados,arranjo
linguagem de programação,organização,vetor,tipo obstrato de dados
siniciente,estruturidades lineares,matriz,pilha,notação bigul
estruturas de dados,matriz,algoritmos
estruturidades não lineares,algoritmos,estrutura de dados,armazenar,algoritmo
árvore,complexidade
organização,acesso conveniente
estruturas de dados,árvore,eficiente,implementação,complexidade
acesso conveniente,graduação,área de computação
organização de dados,armazenar,desempenho,eficiente,fifo
fifo,tipo obstrato de dados,análise acentótica,acesso conveniente,algoritmos
acesso conveniente,análise acentótica,algoritmo,matriz,linguagem de x e x
análise acentótica,área de computação,vetor,implementar
programação,estruturidades não lineares,diferença,algoritmo,estruturidades
fila,desempenho,algoritmo
vetor,notação bigul,linguagem de x e x,pilha
conjunto,organização de dados,pouca roupa de frio,siniciente,binária
implementar,implementação,lógica de programação
estrutura de dados,organização
conjunto,pouca roupa de frio
pilhas,arranjo,tempo de execução,armazenar,eficiente
implementar,estruturidades lineares
tipo obstrato de dados,programação
binária,diferença,algoritmo,análise de algoritmos
graduação,implementar,binária
linguagem de x e x,análise de algoritmos,complexidade,fila,algoritmos
estruturidades não lineares,mega bigoteta
graduação,busca
organização,vetor,lifo
complexidade,lógica de programação,estruturidades lineares,binária,importância
fila,algoritmos,memória,pilhas,organização
pilha,implementar,matriz
área de computação,memória
armazenar,diferença,programação,implementação
memória,computador
percorrer,mega bigoteta,análise acentótica,eficiente,linguagem de x e x
tipo obstrato de dados,implementação,notação bigul,arranjo,pilhas
estruturidades não lineares,fila,busca,fifo,pilhas
percorrer,desempenho
programação,importância,lifo,complexidade
linguagem de x e x,estruturidades
lifo,pilha,eficiente,estruturidades,memória
mega bigoteta,organização de dados,diferença,conjunto,acesso conveniente
regra de armazenamento,organização de dados,organização,linguagem de x e x
estruturas de dados,conjunto
programação,regra de armazenamento,arranjo
diferença,análise acentótica,conjunto,notação bigul,arranjo
computador,pilha
pilhas,acesso conveniente,listas,programador
percorrer,conjunto,matriz,arranjo,importância
fila,pilhas,estruturidades lineares
linguagem de x e x,lógica de programação,tipo obstrato de dados
complexidade,estruturidades lineares,programação
programador,lógica de programação,tempo de execução,pilha
organização de dados,linguagem de programação
matriz,eficiente,tipo obstrato de dados
siniciente,diferença,estruturas de dados
acesso conveniente,pouca roupa de frio,memória,árvore
programação,memória,regra de armazenamento,programação,vetor
lógica de programação,mega bigoteta,computador
tempo de execução,mega bigoteta,estruturidades não lineares
mega bigoteta,listas,memória,implementar,eficiente
binária,pilha,importância,mega bigoteta,pilhas
vetor,pilha,pouca roupa de frio,organização de dados
binária,fila
fila,percorrer,arranjo
matriz,siniciente
regra de armazenamento,programação,listas
vetor,pilha
fila,tipo obstrato de dados,estruturas de dados,eficiente,lógica de programação
linguagem de programação,fifo,estruturidades
pilha,pilhas,complexidade,regra de armazenamento,computador
busca,pouca roupa de frio,algoritmos,área de computação,implementar
algoritmos,análise de algoritmos,pilha,organização de dados,implementar
diferença,percorrer
fifo,notação bigul,estruturidades lineares
binária,estrutura de dados
organização,memória,pilha,programação,diferença
diferença,linguagem de programação
área de computação,memória,algoritmo
regra de armazenamento,organização de dados,pouca roupa de frio
percorrer,fila,busca,implementar,área de computação
notação bigul,análise acentótica,tempo de execução
listas,programador
escolha de estruturas de dados,árvore
notação bigul,lógica de programação,memória
pilha,graduação,algoritmo,tempo de execução,notação bigul
diferença,regra de armazenamento,matriz,implementar,mega bigoteta
lógica de programação,análise de algoritmos
análise acentótica,memória
fila,programação
memória,importância,algoritmo
arranjo,estruturidades lineares,memória
siniciente,implementação,programação,pouca roupa de frio,eficiente
estruturidades não lineares,eficiente,fifo
pouca roupa de frio,análise acentótica,memória,desempenho,fila
busca,programação,pilhas,acesso conveniente,lifo
graduação,linguagem de x e x,organização
binária,diferença
organização de dados,mega bigoteta,fila
escolha de estruturas de dados,linguagem de programação,fifo,tipo obstrato de dados,algoritmo
computador,pilhas,desempenho,pouca roupa de frio
notação bigul,siniciente
vetor,fila,lifo
desempenho,busca,conjunto,fila
mega bigoteta,escolha de estruturas de dados,importância
escolha de estruturas de dados,estruturidades não lineares,organização de dados,implementar
área de computação,pilhas,programador
binária,pilhas,programação
tipo obstrato de dados,eficiente,algoritmos
arranjo,estruturidades lineares,tipo obstrato de dados
estruturas de dados,estruturidades não lineares,mega bigoteta,árvore
desempenho,armazenar,notação bigul,acesso conveniente,tipo obstrato de dados
fila,vetor,pilhas
programador,fila,tipo obstrato de dados,lifo,árvore
tipo obstrato de dados,estruturidades lineares,conjunto,binária,análise acentótica
listas,análise de algoritmos,linguagem de x e x
algoritmos,listas,estruturidades lineares
binária,memória,percorrer,tipo obstrato de dados,arranjo
binária,escolha de estruturas de dados
segurança lógica,interceptação,entrega de pacote,prósoo ranjão núnis
princípios de segurança,modelo osi,autorização
entrega de pacote,prósoo ranjão núnis,back doas,informação
prósoo ranjão núnis,modelo tcp
ativo,worms,informação
rede de computadores,pontinhos,ativo,interconexão,vírus
segurança lógica,bots,rede de computadores,códigos maliciosos
cavalho de troia,vírus,bots,segurança em rede
pontinhos,modificação
bots,pontinhos
autorização,protocolos,códigos maliciosos
medidas de prevenção,routch kit,protocolos
modificação,lista de controle de acesso,prósoo ranjão núnis,interligação
medidas de prevenção,segurança em rede
interceptação,pyuers,routch kit,códigos maliciosos
internet,pyuers
interligação,segurança lógica,medidas de prevenção,ativo
ativo,routch kit,bots,códigos maliciosos,cavalho de troia
vulnerabilidade,vírus,pontinhos,routch kit
interconexão,entrega de pacote,modelo osi,pyuers
modelo tcp,rede de computadores
pyuers,camadas,princípios de segurança,ameaça,pontinhos
rede de computadores,bots,internet,interceptação
internet,interceptação,rede de computadores,interconexão
criptografia,autenticação,princípios de segurança,internet,modelo osi
ativo,risco
pontinhos,worms
segurança física,prósoo ranjão núnis,camadas
fabricação,modelo tcp
pontinhos,risco,interligação,autenticação,lista de controle de acesso
modelo osi,códigos maliciosos
criptografia,pontinhos,lista de controle de acesso,protocolos
segurança física,vírus
rede de computadores,prósoo ranjão núnis
ativo,protocolos,modificação,prósoo ranjão núnis
internet,modelo osi,pontinhos
worms,lista de controle de acesso
princípios de segurança,códigos maliciosos,pontinhos,autorização
internet,autorização,vulnerabilidade,cavalho de troia
criptografia,ativo
medidas de prevenção,cavalho de troia,interconexão
routch kit,lista de controle de acesso,modelo tcp
routch kit,interligação,segurança física
interceptação,códigos maliciosos
lista de controle de acesso,vírus,modificação
segurança lógica,troca de informação,risco,interligação
worms,interligação
back doas,ativo
interconexão,medidas de prevenção
segurança em rede,modificação,princípios de segurança,medidas de prevenção
segurança lógica,protocolos
internet,criptografia,segurança em rede,ativo
segurança lógica,códigos maliciosos,medidas de prevenção
criptografia,princípios de segurança
interconexão,autorização,internet
modelo tcp,pyuers,interconexão,criptografia,troca de informação
camadas,pontinhos
rede de computadores,routch kit
segurança física,back doas,rede de computadores,interceptação
bots,modelo tcp,comunicação
princípios de segurança,bots,segurança física,interligação
vírus,interligação,routch kit,pyuers
interconexão,routch kit,vírus,rede de computadores
rede de computadores,back doas,modelo osi,vírus
autenticação,segurança em rede
entrega de pacote,camadas
entrega de pacote,risco,interceptação
protocolos,troca de informação,entrega de pacote,vulnerabilidade,modificação
códigos maliciosos,autorização,modificação
bots,interligação,vírus,interceptação
segurança em rede,interconexão
autenticação,segurança física,entrega de pacote
interligação,pyuers,cavalho de troia,criptografia,códigos maliciosos
vulnerabilidade,pyuers
interceptação,ameaça
vírus,criptografia,autorização,pyuers
worms,routch kit,ameaça,segurança lógica
protocolos,camadas,modificação
autenticação,segurança lógica
camadas,fabricação,lista de controle de acesso,criptografia
ativo,segurança física
modificação,routch kit,interconexão
bots,internet,entrega de pacote
segurança física,modificação,interceptação
internet,worms,modelo osi,segurança em rede,pontinhos
interligação,worms,vírus,interconexão,princípios de segurança
autorização,cavalho de troia,back doas
medidas de prevenção,códigos maliciosos,prósoo ranjão núnis,bots
interligação,ameaça,pontinhos
protocolos,modelo osi
prósoo ranjão núnis,pyuers,códigos maliciosos
modelo tcp,segurança lógica,informação,ativo,prósoo ranjão núnis
pyuers,back doas,modelo tcp,internet
criptografia,entrega de pacote,ativo
protocolos,internet,autorização,informação
segurança em rede,interconexão,criptografia,back doas,troca de informação
medidas de prevenção,prósoo ranjão núnis
modelo osi,pyuers,pontinhos
camadas,interconexão
pontinhos,ameaça,medidas de prevenção
internet,worms,back doas,interligação
interligação,ameaça
pontinhos,internet,fabricação,modelo tcp,entrega de pacote
interconexão,rede de computadores,vírus,princípios de segurança,medidas de prevenção
comunicação,lista de controle de acesso,princípios de segurança,troca de informação,informação
troca de informação,bots,prósoo ranjão núnis
entrega de pacote,autorização,cavalho de troia
modificação,vulnerabilidade,risco,interconexão,internet
lista de controle de acesso,pontinhos,modificação,ameaça
segurança lógica,comunicação,lista de controle de acesso
risco,segurança lógica,routch kit,informação
lista de controle de acesso,bots,troca de informação,comunicação
autenticação,comunicação,bots,interconexão
segurança física,informação,worms,autenticação,rede de computadores
autorização,bots
autenticação,vírus
informação,troca de informação,autorização,worms,códigos maliciosos
worms,comunicação,informação,vírus
vírus,ameaça,routch kit
troca de informação,routch kit,entrega de pacote,internet
autenticação,comunicação
camadas,fabricação,ameaça,pontinhos,troca de informação
interconexão,comunicação,protocolos,worms
modelo tcp,segurança física,interceptação
interceptação,medidas de prevenção
fabricação,criptografia
pontinhos,rede de computadores,princípios de segurança,routch kit
troca de informação,vulnerabilidade,informação,autenticação
lista de controle de acesso,criptografia,cavalho de troia
troca de informação,camadas,vírus
vírus,entrega de pacote,troca de informação,códigos maliciosos,autenticação
routch kit,protocolos
interligação,autorização,informação,códigos maliciosos
internet,fabricação,prósoo ranjão núnis
back doas,ativo
interligação,informação,back doas
camadas,interconexão
prósoo ranjão núnis,modificação,rede de computadores,routch kit,lista de controle de acesso
segurança lógica,lista de controle de acesso,modelo osi,risco
rede de computadores,prósoo ranjão núnis,interligação
cavalho de troia,comunicação
back doas,modelo osi,interligação,fabricação
lista de controle de acesso,rede de computadores,interligação
fabricação,risco
princípios de segurança,rede de computadores
rede de computadores,interconexão,modelo osi,fabricação,ativo
modificação,vulnerabilidade,segurança lógica
cavalho de troia,criptografia,autorização,modelo osi
medidas de prevenção,vírus
protocolos,interconexão,interceptação,camadas,princípios de segurança
cavalho de troia,risco
modelo osi,comunicação,ativo
cavalho de troia,internet,risco
criptografia,medidas de prevenção
routch kit,back doas,internet,segurança lógica,lista de controle de acesso
interceptação,lista de controle de acesso,troca de informação
entrega de pacote,back doas,prósoo ranjão núnis,pyuers,autenticação
vírus,interconexão,protocolos,modelo osi
informação,segurança lógica
worms,autenticação,vulnerabilidade,interconexão,lista de controle de acesso
segurança lógica,risco,vírus,autorização,criptografia
medidas de prevenção,entrega de pacote
modelo tcp,prósoo ranjão núnis,troca de informação
ativo,ameaça,pontinhos
princípios de segurança,internet
ameaça,protocolos,back doas,códigos maliciosos,interligação
lista de controle de acesso,vulnerabilidade
vulnerabilidade,códigos maliciosos,bots,segurança física,pyuers
worms,segurança física
modelo tcp,modificação,protocolos,vírus,worms
modelo osi,vírus
cavalho de troia,segurança lógica
modificação,back doas,lista de controle de acesso,routch kit
entrega de pacote,troca de informação,bots,medidas de prevenção,protocolos
entrega de pacote,medidas de prevenção,fabricação,autorização,interconexão
bots,interceptação,comunicação,fabricação,criptografia
bots,routch kit,modelo osi,autenticação
criptografia,prósoo ranjão núnis,códigos maliciosos
modificação,internet,ameaça,prósoo ranjão núnis
modificação,routch kit,segurança física
interconexão,segurança em rede,rede de computadores,interligação
segurança em rede,medidas de prevenção,pontinhos,segurança física
troca de informação,ameaça
interconexão,autorização,entrega de pacote
interconexão,interceptação,ameaça,bots,pyuers
modelo tcp,comunicação,autorização,interceptação,routch kit
troca de informação,risco,worms,vulnerabilidade,informação
rede de computadores,back doas,internet,cavalho de troia
lista de controle de acesso,interconexão
vírus,ativo,autenticação
ativo,bots,modificação
camadas,risco
troca de informação,camadas,autenticação
criptografia,bots,princípios de segurança,lista de controle de acesso
pyuers,back doas,ativo,criptografia
worms,modelo osi,camadas,segurança em rede,interceptação
criptografia,modelo osi,risco,interligação
bots,códigos maliciosos,back doas,criptografia
protocolos,segurança física,autorização
medidas de prevenção,códigos maliciosos
comunicação,routch kit,cavalho de troia
modificação,medidas de prevenção,lista de controle de acesso,entrega de pacote
fabricação,autenticação,segurança lógica
informação,segurança em rede,criptografia,rede de computadores,vulnerabilidade
cavalho de troia,modelo osi,risco
back doas,vulnerabilidade,troca de informação
internet,autenticação,informação,criptografia
fabricação,interceptação,back doas,worms,cavalho de troia
modelo tcp,risco,interconexão,worms,interligação
ameaça,segurança em rede,modelo tcp,lista de controle de acesso,segurança física
modificação,interconexão,protocolos,pontinhos
fabricação,modificação,vírus
protocolos,códigos maliciosos,troca de informação,internet,routch kit
troca de informação,códigos maliciosos,interconexão,camadas
bots,ativo,rede de computadores,vírus,routch kit
pontinhos,princípios de segurança
medidas de prevenção,princípios de segurança,risco,lista de controle de acesso,camadas
segurança lógica,ameaça
camadas,códigos maliciosos,segurança física,ameaça
camadas,autorização
informação,criptografia,pontinhos
lista de controle de acesso,segurança em rede
rede de computadores,interligação,entrega de pacote,criptografia
pyuers,segurança física,fabricação,princípios de segurança
fabricação,routch kit,informação
rede de computadores,medidas de prevenção,comunicação
autenticação,pontinhos,ativo
worms,segurança em rede
modelo tcp,interceptação,entrega de pacote
back doas,segurança lógica,interconexão,modelo osi,comunicação
modelo tcp,modificação
lista de controle de acesso,modelo tcp,vulnerabilidade,back doas,risco
ativo,camadas,criptografia
modelo osi,segurança física,bots,pontinhos,modificação
segurança em rede,modelo tcp
modelo tcp,modelo osi,routch kit,ameaça
back doas,segurança física,ameaça
modificação,cavalho de troia,rede de computadores,entrega de pacote
ativo,risco,fabricação,autorização,camadas
internet,modelo tcp
protocolos,internet,segurança em rede,interligação,modelo osi
autenticação,pyuers,cavalho de troia,back doas
interconexão,modelo osi,troca de informação,entrega de pacote,cavalho de troia
códigos maliciosos,princípios de segurança,modelo tcp,modelo osi
camadas,pontinhos
fabricação,informação,prósoo ranjão núnis
internet,interceptação,fabricação,troca de informação
medidas de prevenção,pyuers
lista de controle de acesso,risco,modificação,rede de computadores
pontinhos,interconexão
modelo osi,modificação,worms
vírus,prósoo ranjão núnis,troca de informação,lista de controle de acesso,informação
pontinhos,risco
modelo tcp,modificação,prósoo ranjão núnis,entrega de pacote,interligação
códigos maliciosos,camadas,segurança física,vírus
fabricação,segurança física,modelo osi
autorização,risco,informação,lista de controle de acesso,protocolos
camadas,rede de computadores
routch kit,rede de computadores,interligação,códigos maliciosos,autorização
bots,interconexão,segurança em rede,autenticação
medidas de prevenção,autorização,internet,pyuers,prósoo ranjão núnis
internet,routch kit,prósoo ranjão núnis,códigos maliciosos,modelo tcp
comunicação,modelo osi,medidas de prevenção,modificação,entrega de pacote
internet,criptografia
pyuers,fabricação,interceptação
autenticação,pyuers
vulnerabilidade,risco,interceptação,prósoo ranjão núnis
modelo osi,autenticação
fabricação,informação
vulnerabilidade,segurança física,interceptação,modelo osi
rede de computadores,routch kit
modificação,modelo osi,back doas
ameaça,modelo tcp,medidas de prevenção
pyuers,ameaça,fabricação
modificação,entrega de pacote
prósoo ranjão núnis,pyuers
routch kit,camadas,segurança física
vulnerabilidade,princípios de segurança
segurança em rede,troca de informação,worms,pontinhos,modelo osi
códigos maliciosos,segurança em rede,lista de controle de acesso,modificação,autorização
medidas de prevenção,fabricação,cavalho de troia,prósoo ranjão núnis
pontinhos,modificação,segurança em rede
vulnerabilidade,códigos maliciosos,ativo,ameaça
cavalho de troia,informação,pontinhos
segurança em rede,segurança lógica,códigos maliciosos
informação,vulnerabilidade
worms,vírus,modificação,segurança lógica,cavalho de troia
camadas,segurança física,modelo osi,comunicação,lista de controle de acesso
interconexão,ameaça,bots
cavalho de troia,back doas,protocolos
cavalho de troia,ativo
informação,prósoo ranjão núnis
vulnerabilidade,autenticação
autorização,segurança em rede,cavalho de troia,interconexão,lista de controle de acesso
modificação,códigos maliciosos,vulnerabilidade,interconexão,camadas
ameaça,prósoo ranjão núnis,autenticação,interceptação
ameaça,cavalho de troia,prósoo ranjão núnis
interligação,troca de informação,segurança em rede
lista de controle de acesso,entrega de pacote
bots,vulnerabilidade,back doas,pontinhos,rede de computadores
camadas,fabricação,pyuers,protocolos
protocolos,códigos maliciosos
criptografia,routch kit
interligação,códigos maliciosos,segurança física,autenticação
segurança física,interligação,segurança em rede
modificação,segurança lógica,medidas de prevenção
informação,autenticação
fabricação,interceptação,cavalho de troia
segurança física,risco,vulnerabilidade
modelo tcp,informação
autorização,entrega de pacote,códigos maliciosos,lista de controle de acesso,modelo tcp
back doas,segurança lógica,cavalho de troia,comunicação,segurança física
segurança em rede,prósoo ranjão núnis,routch kit,entrega de pacote
ameaça,códigos maliciosos,segurança em rede,internet
rede de computadores,segurança lógica
interligação,ativo
princípios de segurança,modelo osi,ativo
interligação,protocolos,comunicação,pyuers,fabricação
internet,interligação
troca de informação,back doas
vírus,autenticação
modificação,lista de controle de acesso,prósoo ranjão núnis,medidas de prevenção
códigos maliciosos,comunicação,lista de controle de acesso,modelo tcp,segurança lógica
interligação,worms
interligação,informação
cavalho de troia,criptografia
cavalho de troia,prósoo ranjão núnis
medidas de prevenção,comunicação,risco,rede de computadores,segurança lógica
pontinhos,medidas de prevenção,segurança lógica
protocolos,criptografia,interceptação,camadas
modelo tcp,entrega de pacote,camadas
segurança lógica,vulnerabilidade,internet,criptografia,ativo
ativo,modificação,segurança em rede,protocolos
troca de informação,autenticação,back doas
modelo tcp,troca de informação,vírus
vulnerabilidade,pyuers
cavalho de troia,interligação
modelo osi,ameaça,worms,routch kit
informação,pontinhos,autorização,modelo osi
interligação,ameaça,códigos maliciosos,routch kit
fabricação,criptografia,worms,protocolos,vírus
códigos maliciosos,princípios de segurança,rede de computadores,camadas
autorização,autenticação,princípios de segurança,bots
pontinhos,fabricação,risco,pyuers
informação,criptografia,routch kit,vulnerabilidade,modelo osi
internet,bots,pontinhos
back doas,interligação,comunicação
worms,medidas de prevenção
entrega de pacote,vulnerabilidade,back doas
protocolos,interceptação,medidas de prevenção,autenticação,worms
pontinhos,pyuers,segurança em rede,internet
interceptação,segurança em rede,camadas,autorização,rede de computadores
prósoo ranjão núnis,rede de computadores,troca de informação
risco,informação,entrega de pacote
routch kit,autenticação,interligação
interceptação,autenticação,entrega de pacote,ativo
lista de controle de acesso,risco,pyuers,entrega de pacote
códigos maliciosos,modelo osi
back doas,worms,segurança lógica,vírus
lista de controle de acesso,interceptação,worms
segurança física,back doas
autenticação,segurança física,medidas de prevenção,informação,routch kit
camadas,segurança em rede,pontinhos,prósoo ranjão núnis,rede de computadores
interligação,segurança em rede,bots
protocolos,troca de informação,rede de computadores
modelo tcp,autenticação,modificação,fabricação
risco,ativo
modificação,comunicação,autorização
pontinhos,vírus
pontinhos,segurança em rede,entrega de pacote
interconexão,rede de computadores,back doas
segurança física,medidas de prevenção,vírus
cavalho de troia,internet
prósoo ranjão núnis,risco,rede de computadores
modificação,protocolos,worms
segurança em rede,back doas,rede de computadores
pyuers,worms,interligação,autenticação
lista de controle de acesso,pontinhos,modelo osi,comunicação,ameaça
protocolos,modelo osi,troca de informação,risco,entrega de pacote
internet,risco
segurança lógica,camadas,princípios de segurança
interceptação,entrega de pacote,segurança física,princípios de segurança,autenticação
lista de controle de acesso,informação,worms,vírus,modelo osi
pontinhos,back doas,risco,autenticação,internet
segurança lógica,modificação,back doas,ameaça
camadas,vírus
segurança física,camadas
ativo,códigos maliciosos,modificação,interceptação,modelo osi
princípios de segurança,worms,back doas
segurança lógica,princípios de segurança,vírus,interceptação
medidas de prevenção,ativo,modificação,vulnerabilidade
troca de informação,interceptação,vulnerabilidade,risco,back doas
vírus,informação,medidas de prevenção,pontinhos
autenticação,prósoo ranjão núnis
modelo osi,ativo,segurança em rede
fabricação,vulnerabilidade,interconexão,rede de computadores,lista de controle de acesso
internet,protocolos
princípios de segurança,internet,interligação,back doas,autenticação
internet,entrega de pacote,lista de controle de acesso,medidas de prevenção
interconexão,troca de informação,routch kit,prósoo ranjão núnis
