comunicação,binária
demanda,carreira freelancer,produção,binária
regra de armazenamento,binária
linguagem de x e x,tecnologia
comunicação,lançamentos
cms,diferença,lógica de programação
graduação,bibliotecas
carreira freelancer,wordpress,linguagem de x e x,django,lifo
desempenho,lifo
tipo obstrato de dados,tecnologia,javascript
roteiro,canal atequita,desempenho,javascript
lançamentos,php
node,pilha
lógica de programação,dev,lifo,desenho
estruturidades lineares,música,php,jogos,fila
organização,notação bigul,memória,vetor
importância,base de dados,área de computação,empresa
programador,cms
jogos,programação,cms,vetor
php,django
organização de dados,organização,oportunidade,xbox,persistência de dados
bula zedekita,programação,dificuldades,tipo obstrato de dados
lógica de programação,organização de dados
estruturidades lineares,arranjo,demanda
análise acentótica,php,dificuldades
siniciente,gestão de conteúdo,percorrer
cms,memória
lifo,front-end
dificuldades,empresa,canal atequita,implementação,algoritmo
canal atequita,pouca roupa de frio,conjunto,regras de negócio
programação,dev,produção,demanda,busca
busca,linguagem de programação,tecnologia,roadmap de estudos
carreira freelancer,produção,escolha de estruturas de dados,conjunto
computador,desenvolvimento
roteiro,notação bigul
fila,siniciente,tecnologia
react,php
estruturidades,desenvolvedor web,fila,vetor,brasil
siniciente,estruturidades lineares
eficiente,pilhas,javascript,mundo
versionamento de código,xbox,acesso conveniente,administração
diferença,desempenho,api,marketing
percorrer,organização de dados,diferença,lógica de programação
roteiro,persistência de dados,desempenho
estruturidades não lineares,estrutura de dados,estruturidades
listas,gestão de conteúdo
brasileira,mundo,oportunidade,organização,lifo
css,economia,implementação,jogos
arranjo,complexidade
desempenho,estruturidades lineares
negociação,programador,análise de algoritmos
dev,estruturidades,árvore
canal atequita,estruturidades não lineares,computador,arranjo,tempo de execução
algoritmo,freelancing,roadmap de estudos
vídeo,estruturas de dados,wordpress,música
carreira freelancer,empresa,javascript
linguagem de x e x,fila
linguagem de x e x,carreira freelancer,administração
área de computação,notação bigul
cms,empresa
vetor,html
escolha de estruturas de dados,css
programação,complexidade,canal atequita,estruturidades não lineares
algoritmos,importância,análise de algoritmos
fifo,análise de algoritmos,lifo
base de dados,level design,programador,versionamento de código,node
roastinger,análise acentótica,vetor,arranjo,desenvolvimento
economia,roadmap de estudos
implementar,vetor,marketing,demanda
base de dados,estruturidades lineares,wordpress
tecnologia,back-end,django
demanda,árvore,equipe,vídeo,lifo
desenvolvimento,pouca roupa de frio
lançamentos,computador
algoritmos,roastinger,complexidade
canal atequita,vetor,roadmap de estudos,economia,algoritmos
administração,react,dev,fifo,acesso conveniente
tecnologia,tipo obstrato de dados,arranjo,fifo
roteiro,base de dados,estrutura de dados,canal atequita,economia
busca,front-end
desenvolvimento,linguagem de programação
diferença,programação,estruturidades,xbox,economia
pilha,back-end
listas,empresa
roadmap de estudos,música,implementação
linguagem de programação,listas,desenho
servidores,programador
dev,bula zedekita,programação,algoritmo
css,dev,regras de negócio,negociação
acesso conveniente,front-end,computador,equipe
acesso conveniente,memória
equipe,estruturidades lineares
diferença,dev,negociação
empresa,demanda,persistência de dados,dólar
vídeo,organização,estruturidades não lineares
mega bigoteta,lifo,pouca roupa de frio,estruturidades
programação,matriz
programador,marketing,produção,dev
marketing,busca
dificuldades,dólar,lógica de programação
algoritmo,javascript,bula zedekita
diferença,complexidade,desenvolvedor web,pilha
lançamentos,organização de dados
organização,django,desenho,administração,html
organização de dados,dev,xbox
fila,área de computação,tecnologia,graduação,brasil
equipe,tempo de execução
estruturidades não lineares,conceito visual,organização
linguagem de programação,fila,programação,versionamento de código
desenho,freelancing,oportunidade
node,bula zedekita
programação,marketing,node
memória,busca,roteiro,css,vetor
implementar,lifo,api
comunicação,api,binária,html,fifo
implementar,programação,vetor,binária,lifo
dificuldades,xbox,fifo
php,árvore
programação,análise de algoritmos
bibliotecas,matriz,acesso conveniente
freelancing,memória,fila,árvore
carreira freelancer,comunicação,programador
roadmap de estudos,html,django
eficiente,django
pilhas,escolha de estruturas de dados,roadmap de estudos,regra de armazenamento
comunicação,mundo,dev,api
conceito visual,marketing,listas,versionamento de código
arranjo,fifo,front-end,versionamento de código
react,importância
desenvolvedor web,desenho,área de computação
administração,estruturas de dados,lifo,estruturidades lineares,siniciente
oportunidade,versionamento de código,empresa
memória,front-end,programador,pilha
algoritmos,frameworks
programação,roastinger,gestão de conteúdo,roadmap de estudos
fila,negociação,base de dados,servidores
regra de armazenamento,busca,api,mega bigoteta,implementação
roadmap de estudos,fila,organização,administração
dólar,bula zedekita,versionamento de código,fifo
análise acentótica,vídeo,regra de armazenamento,canal atequita
fila,binária,algoritmos,programador,jogos
escolha de estruturas de dados,programador,organização de dados,memória
lançamentos,matriz,computador,css
carreira freelancer,lifo,bibliotecas,programação
desenho,demanda
mega bigoteta,pilha,eficiente,equipe,acesso conveniente
notação bigul,importância,base de dados,algoritmo,tipo obstrato de dados
conjunto,roadmap de estudos,demanda,programação,pouca roupa de frio
computador,vetor
estrutura de dados,tecnologia
api,implementar,tipo obstrato de dados
desenvolvimento,graduação,demanda,pilha,música
produção,implementar,análise acentótica,programação,estruturidades
computador,vídeo,mega bigoteta,matriz
organização,fila,wordpress,xbox,busca
wordpress,dev,computador,demanda,percorrer
eficiente,estrutura de dados,estruturas de dados,complexidade
django,vídeo,equipe
css,dificuldades,html,front-end
produção,roteiro
react,tempo de execução,roteiro
empresa,servidores,roastinger
estruturidades não lineares,análise acentótica,servidores,economia
organização,servidores,react
programação,desempenho
armazenar,administração,node,frameworks,computador
programação,organização,servidores,estruturidades lineares,busca
complexidade,carreira freelancer,dificuldades
complexidade,comunicação,react,javascript,programação
algoritmos,algoritmos,percorrer,análise acentótica,negociação
regras de negócio,linguagem de x e x
jogos,pilhas
produção,vetor,análise acentótica,back-end,desenvolvimento
php,gestão de conteúdo,canal atequita,acesso conveniente
javascript,desempenho,php,django
desenvolvedor web,organização,jogos,análise de algoritmos,brasileira
membros ativos,carreira freelancer
estrutura de dados,pouca roupa de frio
computador,comunicação
bibliotecas,percorrer,brasileira
css,negociação,análise de algoritmos
implementação,canal atequita
tipo obstrato de dados,desenvolvedor web,eficiente,persistência de dados,algoritmos
estrutura de dados,matriz
freelancing,marketing,linguagem de programação
freelancing,importância
regras de negócio,algoritmo,bibliotecas,equipe,linguagem de x e x
marketing,tipo obstrato de dados,eficiente
pilha,siniciente,listas,lifo
fila,implementação
membros ativos,estruturidades lineares
programador,persistência de dados,empresa,diferença,pilhas
brasil,pilha,servidores,memória
marketing,versionamento de código,oportunidade,organização de dados,organização
área de computação,roteiro,versionamento de código,api,arranjo
mega bigoteta,lifo,estruturidades lineares,estrutura de dados
análise acentótica,versionamento de código,memória,arranjo,linguagem de x e x
gestão de conteúdo,programação,demanda,organização
django,wordpress
computador,análise acentótica,implementação
javascript,comunicação,conjunto,pilha,gestão de conteúdo
complexidade,canal atequita,node
javascript,django,listas,tipo obstrato de dados
graduação,brasil,estruturas de dados,base de dados
css,algoritmos
complexidade,graduação,desempenho,css,tempo de execução
pilhas,algoritmo,complexidade,wordpress,fila
lançamentos,estrutura de dados
roadmap de estudos,tempo de execução,demanda
programador,linguagem de programação,persistência de dados,análise de algoritmos
tecnologia,busca,fila,html
tipo obstrato de dados,acesso conveniente,dificuldades,freelancing
cms,música,algoritmos,base de dados
música,busca,estruturidades lineares,desempenho
base de dados,canal atequita,binária
django,algoritmos,linguagem de x e x,desempenho,estruturidades
level design,organização,base de dados,estrutura de dados
oportunidade,api,frameworks
área de computação,estruturidades lineares
django,desenho,desenvolvimento
tipo obstrato de dados,negociação,organização de dados,árvore
marketing,árvore,brasil,importância,dólar
armazenar,vídeo,javascript,back-end,desenvolvimento
vetor,armazenar,mundo,memória
roadmap de estudos,complexidade
importância,notação bigul
roteiro,lifo
jogos,demanda,música,graduação
lógica de programação,listas,fila,memória,carreira freelancer
wordpress,vídeo,frameworks,vetor,linguagem de x e x
freelancing,implementação,memória,economia,mega bigoteta
desempenho,bula zedekita
dev,programador,jogos
css,api,fila
xbox,administração
wordpress,tempo de execução,listas,análise de algoritmos,estrutura de dados
cms,dólar
tipo obstrato de dados,vetor,acesso conveniente,equipe
dev,fifo,fila
tecnologia,mundo,estruturidades não lineares
pilhas,roteiro,dificuldades
equipe,economia,algoritmos
listas,busca,memória,implementação
vídeo,música,análise acentótica,tempo de execução
tipo obstrato de dados,roadmap de estudos,dificuldades,diferença
vídeo,jogos,listas,desenho,versionamento de código
lógica de programação,desenvolvedor web,comunicação,lançamentos
regra de armazenamento,percorrer,vetor
desempenho,regra de armazenamento
importância,desenho,desempenho,computador
análise de algoritmos,estruturas de dados,pouca roupa de frio
django,back-end,linguagem de programação,versionamento de código,organização de dados
lançamentos,análise de algoritmos,membros ativos,roastinger,html
programação,marketing,programação,xbox
roastinger,tempo de execução,conjunto,dólar
matriz,desempenho,fila,conceito visual,acesso conveniente
front-end,desenvolvedor web
mundo,eficiente,roadmap de estudos,vetor
programador,árvore
roastinger,desenvolvimento,base de dados,estruturas de dados,oportunidade
notação bigul,vídeo,desempenho,desenvolvimento,bula zedekita
fila,negociação,dólar,vídeo
música,comunicação,notação bigul,lógica de programação,implementar
área de computação,xbox,freelancing
fila,roastinger
carreira freelancer,percorrer
análise acentótica,música
conjunto,algoritmo,estrutura de dados
servidores,organização,armazenar,análise de algoritmos
acesso conveniente,fila,programação
base de dados,listas,escolha de estruturas de dados,busca,produção
django,eficiente
javascript,fifo,diferença,dificuldades,memória
dólar,algoritmos
percorrer,linguagem de x e x,linguagem de programação,programador
vetor,roteiro,wordpress,estruturidades lineares,armazenar
html,fila,desempenho,estruturidades não lineares
acesso conveniente,gestão de conteúdo,árvore,base de dados,tipo obstrato de dados
importância,react,cms
desenho,front-end,busca,análise de algoritmos,área de computação
react,programador,fila,memória,pouca roupa de frio
conjunto,conceito visual,negociação
árvore,level design,pilha,vídeo
estruturidades,acesso conveniente
algoritmos,programação
árvore,pouca roupa de frio,roteiro,equipe,análise de algoritmos
javascript,memória,tempo de execução,regras de negócio
programação,html
front-end,notação bigul,algoritmo,desempenho,complexidade
memória,empresa
notação bigul,siniciente,dólar
busca,lançamentos,versionamento de código
desempenho,organização de dados
vídeo,algoritmos
comunicação,desenho,gestão de conteúdo,fila
estrutura de dados,node
versionamento de código,programação,demanda,estruturidades
implementação,siniciente,fila,back-end,algoritmos
jogos,mega bigoteta,árvore
memória,siniciente,css,conjunto,linguagem de programação
cms,análise acentótica,organização de dados
acesso conveniente,desenvolvedor web,programação,brasil
dólar,regra de armazenamento,estruturidades não lineares,xbox,equipe
membros ativos,linguagem de x e x,frameworks,organização de dados,tecnologia
acesso conveniente,pilha,frameworks,bibliotecas
programação,armazenar,marketing,css,php
importância,estrutura de dados,tipo obstrato de dados,brasileira
django,brasil,implementação,vetor,siniciente
lógica de programação,busca
organização,dólar,estrutura de dados,implementar,cms
carreira freelancer,organização de dados,base de dados,memória
regra de armazenamento,computador,algoritmos,eficiente
notação bigul,level design,pilhas
freelancing,fifo
conceito visual,linguagem de programação,oportunidade,arranjo,negociação
estrutura de dados,gestão de conteúdo
api,bibliotecas,negociação,fifo,estruturidades não lineares
estruturidades,diferença,dificuldades,organização
desenvolvedor web,memória,armazenar
busca,árvore,javascript,implementar
análise acentótica,equipe
computador,carreira freelancer,vetor
pilha,implementar,graduação,oportunidade,lançamentos
brasil,dev,estruturidades lineares,música,acesso conveniente
regra de armazenamento,busca,dev,linguagem de programação
memória,organização de dados,persistência de dados,marketing,regra de armazenamento
análise de algoritmos,comunicação,memória
mega bigoteta,carreira freelancer,pilhas,empresa
tipo obstrato de dados,frameworks,pouca roupa de frio,roastinger,mundo
desenho,conceito visual,frameworks
mundo,level design,css,estruturidades lineares,produção
acesso conveniente,persistência de dados,programação,busca,tipo obstrato de dados
linguagem de x e x,busca,arranjo,roteiro,servidores
organização,complexidade
django,conceito visual,tempo de execução,persistência de dados,canal atequita
vídeo,css,programação,oportunidade,level design
estruturidades não lineares,pilhas,node,economia
django,base de dados,música,pilha,memória
lançamentos,programador,canal atequita,pilhas,organização de dados
desenvolvimento,fifo
demanda,negociação,fifo,implementação
empresa,organização,desempenho
linguagem de x e x,canal atequita,matriz
html,estrutura de dados,programação
django,programação
negociação,estruturidades não lineares,desenvolvedor web
mundo,programador,vetor
negociação,brasil
fila,fifo,css,linguagem de x e x
brasileira,api,dev,desenvolvimento
binária,servidores,estruturidades
busca,empresa
wordpress,estrutura de dados,oportunidade,escolha de estruturas de dados,linguagem de x e x
wordpress,diferença
mega bigoteta,desenho,arranjo
acesso conveniente,pilhas,comunicação,economia
pilha,roadmap de estudos,tecnologia,siniciente,marketing
algoritmo,vídeo,equipe,jogos,gestão de conteúdo
empresa,negociação,django
php,listas,estruturidades,estrutura de dados
diferença,lógica de programação,versionamento de código,level design,fila
programação,pouca roupa de frio
versionamento de código,wordpress,cms
javascript,memória,acesso conveniente,roadmap de estudos,servidores
front-end,tecnologia
programação,desenvolvedor web,persistência de dados,roteiro
empresa,lançamentos,organização,jogos,versionamento de código
busca,binária
lifo,negociação,graduação,economia
programação,música,roastinger,node
árvore,algoritmos,desenvolvimento,dólar,listas
node,marketing,importância,diferença
roteiro,programador,armazenar
pilha,marketing,membros ativos
mundo,desempenho,django,importância
lifo,tecnologia,pilha
lógica de programação,programador
comunicação,back-end,dificuldades,tipo obstrato de dados
javascript,membros ativos,administração,back-end
implementação,programador,roadmap de estudos
programação,binária
lançamentos,busca
php,servidores,acesso conveniente
xbox,persistência de dados,freelancing,algoritmos
estrutura de dados,implementação,listas,jogos
roteiro,xbox
regra de armazenamento,jogos
vídeo,programador,tecnologia,complexidade
servidores,dificuldades,canal atequita,computador,escolha de estruturas de dados
membros ativos,versionamento de código
dólar,regra de armazenamento
estruturidades,programação,freelancing,desenho,carreira freelancer
listas,economia,administração,bula zedekita,frameworks
eficiente,produção,desempenho
estrutura de dados,gestão de conteúdo,música,administração
busca,versionamento de código,api,negociação,php
diferença,graduação,organização
equipe,regras de negócio,vetor,binária
versionamento de código,brasileira
equipe,vetor,front-end,importância,tecnologia
vírus,princípios de segurança,árvore,busca,implementação
análise de algoritmos,estrutura de dados,memória,medidas de prevenção,interligação
estruturidades não lineares,comunicação,graduação,tipo obstrato de dados
fabricação,programação,ativo,estruturidades lineares,pilha
fila,regra de armazenamento,fifo,memória
troca de informação,princípios de segurança
ativo,troca de informação
implementar,prósoo ranjão núnis,listas
graduação,listas,área de computação
notação bigul,interceptação,lógica de programação
notação bigul,modificação
internet,cavalho de troia,códigos maliciosos,interconexão,segurança física
modificação,eficiente,lógica de programação,entrega de pacote
modelo osi,entrega de pacote
arranjo,fabricação,escolha de estruturas de dados,lifo
desempenho,internet
complexidade,escolha de estruturas de dados,memória,binária,estruturidades
lista de controle de acesso,informação
internet,códigos maliciosos,back doas,conjunto,interconexão
estrutura de dados,interceptação,modelo osi
escolha de estruturas de dados,interconexão,graduação
worms,estruturidades lineares,rede de computadores,prósoo ranjão núnis
conjunto,tipo obstrato de dados,vírus
entrega de pacote,ativo,ameaça,lista de controle de acesso,mega bigoteta
memória,binária,percorrer,vetor
segurança em rede,informação,diferença,modificação
estruturas de dados,fifo,fila,bots
binária,área de computação,risco,interceptação,lógica de programação
estruturidades lineares,códigos maliciosos,risco,listas
desempenho,pyuers,vulnerabilidade,risco
linguagem de programação,informação,vírus,estruturidades lineares,desempenho
prósoo ranjão núnis,fifo,linguagem de programação,routch kit,vulnerabilidade
prósoo ranjão núnis,routch kit
troca de informação,matriz,análise de algoritmos,desempenho,organização de dados
fila,pontinhos,pilhas
linguagem de x e x,lógica de programação,estruturidades
fila,rede de computadores,autorização,ativo
risco,fila
informação,organização,lógica de programação
organização de dados,segurança lógica,medidas de prevenção
entrega de pacote,conjunto,vetor
segurança em rede,tempo de execução,entrega de pacote,lista de controle de acesso
interconexão,siniciente,autenticação,tempo de execução
modelo osi,pilhas,memória,segurança em rede
internet,binária,organização,rede de computadores,ativo
mega bigoteta,pouca roupa de frio,interceptação,linguagem de x e x,área de computação
prósoo ranjão núnis,modelo tcp
back doas,graduação,worms,ameaça
binária,estruturidades lineares
algoritmos,interconexão,troca de informação
comunicação,estruturidades não lineares,regra de armazenamento
implementar,armazenar,árvore,diferença,pilha
tempo de execução,percorrer,estruturidades lineares,memória
armazenar,eficiente,fila
listas,linguagem de x e x,complexidade,binária
vulnerabilidade,linguagem de x e x,vírus,modelo osi,interconexão
estruturidades lineares,análise de algoritmos
programação,lógica de programação,back doas,interceptação
implementação,binária,tempo de execução,computador,importância
tempo de execução,árvore
estruturas de dados,implementação,protocolos,informação,autenticação
modificação,troca de informação
worms,listas,busca
acesso conveniente,lista de controle de acesso,lifo,tempo de execução,criptografia
organização de dados,routch kit,estruturidades lineares,ativo,matriz
ativo,autorização
percorrer,modelo osi
princípios de segurança,percorrer
área de computação,análise de algoritmos,lifo,estruturas de dados
tempo de execução,risco,modificação,graduação
linguagem de x e x,conjunto,lifo,autorização
prósoo ranjão núnis,notação bigul,segurança física,internet
modificação,organização de dados,linguagem de x e x,estruturas de dados,worms
complexidade,busca,pouca roupa de frio,conjunto,eficiente
troca de informação,pilha,autorização,modelo osi
complexidade,prósoo ranjão núnis,pilhas,binária
diferença,pyuers,fifo,algoritmos
memória,comunicação
entrega de pacote,percorrer,fila,organização de dados,protocolos
memória,ameaça,algoritmos,estruturidades lineares,camadas
comunicação,interceptação
autorização,busca,estrutura de dados
estruturidades lineares,estrutura de dados
desempenho,interconexão,interceptação,worms
memória,segurança lógica,entrega de pacote,implementar,interconexão
lifo,lista de controle de acesso
arranjo,princípios de segurança,escolha de estruturas de dados,estruturidades,routch kit
matriz,troca de informação,segurança em rede,mega bigoteta,armazenar
interceptação,segurança em rede,entrega de pacote
linguagem de programação,estruturas de dados
prósoo ranjão núnis,matriz,percorrer
interceptação,lógica de programação
memória,entrega de pacote,estruturidades,criptografia,linguagem de x e x
pilha,eficiente,pyuers,arranjo
implementação,armazenar,organização de dados
ameaça,percorrer,bots,importância,algoritmo
vírus,interconexão,programação,lista de controle de acesso
segurança lógica,pontinhos,pouca roupa de frio,importância
estruturidades,interconexão,notação bigul
estruturidades não lineares,segurança física,eficiente,routch kit,implementar
back doas,autorização
computador,mega bigoteta,worms,vírus
matriz,troca de informação,regra de armazenamento
pouca roupa de frio,linguagem de x e x
protocolos,armazenar,matriz
internet,back doas,linguagem de programação,lista de controle de acesso
estruturas de dados,desempenho
worms,modelo tcp,ativo,vetor,criptografia
linguagem de programação,eficiente
interconexão,internet
linguagem de programação,back doas,princípios de segurança,fabricação
linguagem de programação,comunicação,rede de computadores
importância,ameaça
computador,memória,mega bigoteta
vírus,regra de armazenamento,implementar,ameaça
estruturidades lineares,área de computação,pouca roupa de frio,princípios de segurança
linguagem de programação,modificação,computador,lista de controle de acesso
rede de computadores,prósoo ranjão núnis
fabricação,códigos maliciosos,lógica de programação
risco,medidas de prevenção,interceptação
cavalho de troia,conjunto,armazenar,estruturidades lineares
prósoo ranjão núnis,criptografia
pyuers,programador,criptografia,árvore
protocolos,modificação
prósoo ranjão núnis,computador,modelo tcp,tipo obstrato de dados
computador,interligação,estruturidades,segurança lógica,escolha de estruturas de dados
entrega de pacote,árvore,modelo tcp
programador,fila,interceptação,listas,eficiente
implementar,programação,linguagem de programação,memória
eficiente,tempo de execução
importância,algoritmos,interconexão,tipo obstrato de dados,listas
diferença,busca
lista de controle de acesso,árvore,tipo obstrato de dados,mega bigoteta,estrutura de dados
pilhas,mega bigoteta,protocolos,troca de informação
protocolos,desempenho,análise de algoritmos,estruturidades não lineares,pilha
tempo de execução,programação,códigos maliciosos,lifo,diferença
binária,protocolos
binária,autenticação,análise acentótica,graduação,comunicação
algoritmo,matriz,programação
conjunto,programação,diferença,cavalho de troia
matriz,back doas,binária
percorrer,rede de computadores
back doas,arranjo,medidas de prevenção,segurança física,lista de controle de acesso
linguagem de programação,fila
memória,fila,bots,matriz,listas
interceptação,troca de informação,programação
conjunto,complexidade
worms,fifo,modelo osi
lógica de programação,interceptação,troca de informação,linguagem de x e x,estrutura de dados
mega bigoteta,pilha,lista de controle de acesso,computador
rede de computadores,troca de informação,autenticação,pontinhos
modelo osi,análise de algoritmos,memória,fifo
árvore,códigos maliciosos
segurança lógica,modificação,armazenar,informação
algoritmo,pyuers,códigos maliciosos,criptografia,siniciente
códigos maliciosos,modelo tcp
ativo,modificação,medidas de prevenção
listas,segurança física,tipo obstrato de dados,complexidade,criptografia
pilhas,análise de algoritmos
eficiente,árvore,lógica de programação,vetor,segurança lógica
vetor,rede de computadores,lista de controle de acesso
escolha de estruturas de dados,vírus,linguagem de x e x,ameaça,programador
risco,modelo tcp,ativo,organização
notação bigul,interligação,autenticação,fila
segurança em rede,segurança física,prósoo ranjão núnis,segurança lógica
lista de controle de acesso,modelo tcp,pilhas,tipo obstrato de dados
bots,computador,regra de armazenamento,binária
segurança lógica,vírus,pontinhos
modelo tcp,implementar,bots,arranjo
importância,criptografia,segurança em rede,autorização
pilha,implementar,listas,busca,conjunto
worms,estruturidades lineares,implementar,entrega de pacote
modelo tcp,programação,pouca roupa de frio,autenticação
bots,vulnerabilidade,algoritmos,linguagem de x e x
lista de controle de acesso,fabricação
tipo obstrato de dados,diferença,routch kit
princípios de segurança,siniciente,diferença
vetor,fifo
fila,segurança física,linguagem de x e x,acesso conveniente,back doas
vetor,pyuers,modelo osi
pyuers,pouca roupa de frio,binária,estrutura de dados,prósoo ranjão núnis
estruturidades não lineares,pyuers
autenticação,complexidade,notação bigul
notação bigul,complexidade,pilha,protocolos,organização de dados
complexidade,análise acentótica,computador,cavalho de troia
fifo,binária
prósoo ranjão núnis,autorização,ativo,protocolos,linguagem de x e x
algoritmos,pilhas,implementação,fifo,mega bigoteta
prósoo ranjão núnis,área de computação,worms,organização de dados,análise acentótica
busca,cavalho de troia,segurança em rede,pilhas
lista de controle de acesso,princípios de segurança,programação
troca de informação,estrutura de dados,estruturidades não lineares,programação,routch kit
organização de dados,linguagem de x e x
estrutura de dados,tipo obstrato de dados,acesso conveniente,algoritmo,percorrer
interconexão,algoritmos,fifo
códigos maliciosos,criptografia,análise acentótica,algoritmo
segurança lógica,tempo de execução,escolha de estruturas de dados,routch kit
internet,desempenho
programação,segurança física,rede de computadores
segurança lógica,importância,princípios de segurança,busca
lista de controle de acesso,regra de armazenamento,linguagem de x e x,modelo tcp
interligação,interceptação,memória
vulnerabilidade,back doas,modelo osi,autenticação,routch kit
tipo obstrato de dados,segurança física,informação
ativo,interconexão
estruturidades,cavalho de troia,implementação,escolha de estruturas de dados
criptografia,autenticação,lógica de programação
estrutura de dados,ameaça,entrega de pacote
segurança física,programador
estruturidades não lineares,troca de informação,interconexão,escolha de estruturas de dados,interligação
troca de informação,árvore,interligação
bots,internet
análise de algoritmos,pilha,área de computação,acesso conveniente
códigos maliciosos,estruturidades,conjunto
implementar,vulnerabilidade,estruturas de dados,autorização,escolha de estruturas de dados
modelo osi,complexidade
vetor,organização de dados,linguagem de x e x,prósoo ranjão núnis
memória,organização,interconexão,estruturidades lineares,segurança física
pyuers,implementar,importância
autenticação,pilha,ativo
regra de armazenamento,acesso conveniente,análise de algoritmos
internet,segurança em rede,autorização,camadas
siniciente,tipo obstrato de dados,interligação,implementar,lógica de programação
pilhas,implementação,complexidade,risco
lista de controle de acesso,análise de algoritmos,tempo de execução,programador,estruturas de dados
informação,complexidade
informação,segurança em rede,vírus,diferença,tipo obstrato de dados
programação,entrega de pacote
autorização,programação,escolha de estruturas de dados
rede de computadores,busca,siniciente
criptografia,informação,segurança em rede,estrutura de dados
computador,listas,risco
vetor,computador,arranjo
bots,fabricação
modificação,segurança em rede,camadas
diferença,implementar,prósoo ranjão núnis,routch kit,organização
vulnerabilidade,árvore,vetor,lógica de programação
organização,organização de dados,autenticação,modelo osi
regra de armazenamento,computador,vírus
internet,escolha de estruturas de dados,bots
árvore,bots,ativo,linguagem de x e x,percorrer
área de computação,programador,fifo
interconexão,memória
autenticação,pilhas
algoritmos,organização
estruturidades,pilhas
modelo tcp,programador,fifo
análise acentótica,programação,pilhas,importância
tipo obstrato de dados,vulnerabilidade,interceptação,vírus,programador
tempo de execução,back doas,estrutura de dados,binária,organização
autenticação,pyuers,lifo,desempenho,algoritmo
troca de informação,protocolos,internet,fila
eficiente,programador,memória,vetor,conjunto
listas,análise de algoritmos,algoritmo
busca,lógica de programação,pouca roupa de frio,fifo,siniciente
cavalho de troia,tipo obstrato de dados,protocolos,back doas,pyuers
área de computação,pontinhos,prósoo ranjão núnis,interligação
lifo,memória,linguagem de x e x
organização de dados,autorização,prósoo ranjão núnis,escolha de estruturas de dados,ativo
estruturidades,routch kit
acesso conveniente,vetor
modificação,siniciente,estruturas de dados
análise acentótica,programação,rede de computadores
memória,escolha de estruturas de dados,medidas de prevenção,princípios de segurança,routch kit
risco,pontinhos,análise de algoritmos,acesso conveniente,autenticação
análise acentótica,análise de algoritmos,ativo,arranjo,autenticação
análise de algoritmos,rede de computadores,vulnerabilidade,segurança em rede
notação bigul,graduação,fila,ativo,lógica de programação
pilhas,medidas de prevenção,ativo
lifo,algoritmos,pilha,estruturidades lineares
programação,interligação,cavalho de troia,tipo obstrato de dados
computador,segurança física,estruturidades lineares
estruturidades não lineares,programação
organização,back doas,modelo osi,escolha de estruturas de dados,princípios de segurança
vulnerabilidade,memória
protocolos,comunicação
cavalho de troia,fila,ativo,conjunto
programação,segurança lógica,cavalho de troia
algoritmos,conjunto,estruturidades,segurança física,arranjo
notação bigul,eficiente
programador,fabricação
worms,pilha,estruturidades
mega bigoteta,cavalho de troia,tempo de execução,percorrer
percorrer,linguagem de x e x,segurança lógica,estruturidades lineares
diferença,fila,comunicação,siniciente
fila,interceptação
estrutura de dados,armazenar,princípios de segurança,algoritmos,interconexão
siniciente,lifo,back doas,organização,comunicação
segurança física,códigos maliciosos,risco
estruturidades lineares,medidas de prevenção,busca,tipo obstrato de dados,worms
estruturidades lineares,algoritmos
organização,worms,princípios de segurança
percorrer,eficiente,matriz
estruturidades não lineares,acesso conveniente
entrega de pacote,matriz,algoritmos,graduação
estruturidades não lineares,organização de dados,comunicação
bots,troca de informação,vetor,graduação,armazenar
lifo,back doas
informação,estrutura de dados
análise acentótica,busca,vetor,percorrer,estruturidades lineares
criptografia,ameaça,memória
memória,linguagem de x e x,algoritmos,computador,protocolos
estruturas de dados,memória,comunicação
árvore,computador,modelo tcp,estruturidades
área de computação,tipo obstrato de dados,modificação,protocolos
interligação,graduação,linguagem de x e x
acesso conveniente,pilha,fifo,medidas de prevenção
fifo,entrega de pacote,comunicação,pyuers,informação
computador,estrutura de dados,interceptação
modelo tcp,eficiente,notação bigul
eficiente,busca,segurança lógica,princípios de segurança,pontinhos
estrutura de dados,organização,arranjo
matriz,implementação,cavalho de troia,pouca roupa de frio,fabricação
segurança física,back doas,armazenar
vírus,programador,entrega de pacote,busca,segurança lógica
vetor,segurança em rede
linguagem de x e x,princípios de segurança,computador,tempo de execução,área de computação
worms,camadas,organização
interconexão,informação
códigos maliciosos,programação,autenticação,rede de computadores,segurança lógica
autorização,complexidade,matriz,vulnerabilidade,autenticação
graduação,tipo obstrato de dados
memória,prósoo ranjão núnis,lista de controle de acesso,conjunto
fifo,comunicação,graduação,análise acentótica,fila
regra de armazenamento,troca de informação,ameaça,bots
interconexão,memória,pilha
segurança em rede,fabricação,segurança lógica,rede de computadores,lógica de programação
armazenar,modelo tcp,graduação,busca
estruturidades lineares,implementação,listas,implementar,desempenho
interligação,programador,ameaça,modelo tcp
modelo osi,fila,entrega de pacote,vulnerabilidade
eficiente,estruturas de dados,computador,conjunto,vírus
análise de algoritmos,fila
segurança em rede,memória
ameaça,notação bigul,back doas
fifo,bots,camadas
siniciente,programação,modificação,organização de dados,princípios de segurança
pilha,armazenar,lista de controle de acesso,pouca roupa de frio,interconexão
percorrer,acesso conveniente,vírus,programação,programador
vírus,estruturas de dados,criptografia,graduação
matriz,estrutura de dados,pouca roupa de frio
implementação,algoritmo,routch kit,pontinhos,ativo
informação,percorrer,lista de controle de acesso,pilha
implementar,lifo
medidas de prevenção,notação bigul,segurança em rede,vírus,computador
segurança em rede,linguagem de x e x
importância,tempo de execução,desempenho,implementação
memória,segurança lógica,listas
árvore,informação,linguagem de x e x,criptografia,percorrer
organização de dados,pontinhos,princípios de segurança,autenticação,segurança lógica
bots,memória,pontinhos
linguagem de x e x,organização de dados,eficiente,interconexão
lifo,análise acentótica
linguagem de x e x,pilhas,percorrer,bots,rede de computadores
vetor,segurança física,pontinhos,árvore,vírus
pontinhos,memória,estruturidades lineares,cavalho de troia,armazenar
busca,complexidade,arranjo
autenticação,binária,memória
cavalho de troia,protocolos,back doas,troca de informação,implementação
algoritmos,autorização
autorização,conjunto,entrega de pacote,programação
graduação,pyuers,tipo obstrato de dados,computador,complexidade
algoritmo,implementar,estruturidades não lineares,entrega de pacote,importância
programador,fabricação,segurança lógica
vírus,lista de controle de acesso,modificação,camadas
lista de controle de acesso,linguagem de x e x,programador
escolha de estruturas de dados,cavalho de troia,implementar
informação,autenticação,memória,estrutura de dados
busca,criptografia,algoritmos,troca de informação
linguagem de x e x,vetor
arranjo,pyuers
vulnerabilidade,linguagem de programação,tipo obstrato de dados
worms,estrutura de dados,tipo obstrato de dados
pontinhos,listas,criptografia,modificação,algoritmos
organização,interconexão,estruturidades,princípios de segurança,estruturidades não lineares
troca de informação,arranjo,segurança lógica,memória,interligação
estrutura de dados,códigos maliciosos,acesso conveniente,estruturidades não lineares,interligação
estruturas de dados,autenticação,pilha,programação
programação,protocolos,algoritmos,estrutura de dados,binária
back doas,criptografia,linguagem de programação,cavalho de troia
fila,segurança física,diferença,conjunto,fila
análise de algoritmos,importância,mega bigoteta,entrega de pacote,interligação
camadas,pouca roupa de frio
pyuers,computador,mega bigoteta
estruturidades não lineares,pyuers,matriz,área de computação
memória,routch kit
diferença,pilha,modificação
vulnerabilidade,siniciente,camadas,pyuers
vírus,fila
programação,modelo tcp
linguagem de programação,fabricação
ameaça,segurança física,entrega de pacote
análise acentótica,vulnerabilidade
importância,camadas,segurança lógica,linguagem de programação
estruturidades,siniciente,percorrer,estruturidades não lineares,graduação
eficiente,memória
linguagem de x e x,organização,prósoo ranjão núnis,segurança em rede
estruturas de dados,ativo,cavalho de troia
lista de controle de acesso,pyuers
entrega de pacote,implementar,programação
