comunicação,regra de armazenamento
negociação,vídeo,base de dados
html,lançamentos,organização
pouca roupa de frio,pilhas
servidores,modificação,fila
css,análise acentótica,tecnologia,canal atequita,algoritmo
membros ativos,comunicação,implementar,notação bigul
estrutura de dados,tecnologia
vídeo,negociação,graduação,binária,lançamentos
versionamento de código,memória
autorização,bula zedekita,medidas de prevenção,segurança física
diferença,base de dados,pouca roupa de frio
dificuldades,programação,membros ativos,organização de dados,troca de informação
programação,conceito visual
desempenho,cavalho de troia,análise acentótica,back doas,comunicação
desenho,demanda,memória
programação,complexidade,xbox
django,busca
linguagem de x e x,roadmap de estudos,frameworks,computador,roastinger
análise de algoritmos,comunicação
dificuldades,graduação,organização de dados,jogos
importância,desenvolvimento,acesso conveniente,programador,siniciente
roastinger,modificação,marketing
vídeo,desempenho,fabricação
oportunidade,comunicação,brasil,negociação
produção,react,marketing,dólar,roastinger
back-end,membros ativos,prósoo ranjão núnis
análise de algoritmos,bots,xbox
modelo tcp,memória,html,regras de negócio,complexidade
node,conjunto,lógica de programação,importância,vulnerabilidade
roadmap de estudos,estruturidades não lineares,troca de informação,xbox,algoritmos
computador,html,pontinhos,camadas,pilha
freelancing,troca de informação,desenho,desempenho,programação
listas,medidas de prevenção
pyuers,membros ativos,escolha de estruturas de dados
modelo osi,mega bigoteta,interligação,implementação,computador
programação,programação,dificuldades,pontinhos,regras de negócio
php,brasil,comunicação
ativo,lifo,organização,fila
eficiente,ativo,mega bigoteta,programação
equipe,demanda,eficiente,segurança em rede,gestão de conteúdo
árvore,escolha de estruturas de dados,tipo obstrato de dados
binária,mundo,eficiente,pilha,conjunto
rede de computadores,empresa,algoritmos
estrutura de dados,estruturas de dados
estrutura de dados,escolha de estruturas de dados,conjunto,vírus,gestão de conteúdo
cms,back-end
fila,xbox,códigos maliciosos,php,pilha
programação,diferença,lógica de programação
mega bigoteta,memória,api,canal atequita,segurança lógica
dólar,estruturidades lineares,servidores,fila
brasil,javascript,ativo,administração
produção,organização
importância,vetor,javascript,node,busca
dificuldades,regras de negócio,ameaça
back doas,carreira freelancer,interconexão
persistência de dados,roadmap de estudos,música
react,estruturas de dados,matriz
canal atequita,html,xbox,linguagem de x e x,algoritmos
demanda,fila,negociação,siniciente,economia
rede de computadores,ameaça,bibliotecas
música,estruturidades lineares
worms,jogos
tecnologia,fabricação
computador,fabricação
ameaça,protocolos,regra de armazenamento,programação
binária,siniciente,notação bigul,armazenar
implementar,computador,mundo,algoritmo
bibliotecas,administração,interligação,implementar
desenvolvimento,demanda,interceptação
conjunto,binária,interconexão,protocolos
php,administração,pilhas,conceito visual,algoritmos
pouca roupa de frio,comunicação
ameaça,implementar,xbox
programação,protocolos,bibliotecas,eficiente
react,dólar,fabricação,segurança lógica
desenvolvedor web,autorização
lógica de programação,prósoo ranjão núnis
javascript,entrega de pacote,cms,troca de informação,modificação
complexidade,tecnologia,javascript
canal atequita,árvore
gestão de conteúdo,pouca roupa de frio
graduação,vídeo,escolha de estruturas de dados,protocolos,demanda
lista de controle de acesso,ativo,back-end
wordpress,vulnerabilidade,negociação,siniciente
desempenho,routch kit,árvore,análise acentótica,wordpress
cms,linguagem de programação,api,carreira freelancer
siniciente,php
segurança lógica,binária
notação bigul,desempenho,vulnerabilidade
memória,música
estrutura de dados,pilha,organização de dados
desenvolvedor web,fabricação,vídeo,canal atequita
brasileira,medidas de prevenção,internet,notação bigul,estrutura de dados
vídeo,autorização,interligação,estrutura de dados
estrutura de dados,empresa,organização de dados,memória
fila,segurança lógica
versionamento de código,autenticação,linguagem de programação,computador,música
freelancing,servidores,wordpress,marketing
ameaça,fifo,listas
desenho,prósoo ranjão núnis,fifo
pilha,protocolos,tipo obstrato de dados,fifo
programação,interceptação,implementação,react,prósoo ranjão núnis
base de dados,dev,pilhas,vírus,marketing
internet,gestão de conteúdo,vulnerabilidade,django
troca de informação,linguagem de programação,estrutura de dados,servidores,versionamento de código
brasileira,algoritmos,vulnerabilidade
estrutura de dados,computador
javascript,mundo,base de dados,algoritmo,protocolos
marketing,css,criptografia
árvore,frameworks,lifo,complexidade
css,armazenar
ativo,lógica de programação,membros ativos,computador,api
desempenho,fila,comunicação,binária,brasileira
cms,algoritmos
ativo,cavalho de troia
desenho,segurança lógica,rede de computadores
base de dados,oportunidade,eficiente,troca de informação
listas,segurança lógica,desenvolvedor web,bibliotecas,pouca roupa de frio
medidas de prevenção,persistência de dados
desenho,fifo,risco,medidas de prevenção,interceptação
negociação,códigos maliciosos,worms,medidas de prevenção,demanda
css,oportunidade,brasil
notação bigul,demanda,jogos,desenvolvedor web,vulnerabilidade
gestão de conteúdo,api,routch kit
empresa,algoritmos,demanda,bots
arranjo,princípios de segurança,javascript,pilha
conjunto,listas
códigos maliciosos,linguagem de x e x
django,vulnerabilidade,ativo,notação bigul,fabricação
medidas de prevenção,cavalho de troia,servidores,bibliotecas
análise de algoritmos,equipe
dólar,listas,versionamento de código
pyuers,versionamento de código,algoritmo
desenvolvedor web,pilha,roteiro,prósoo ranjão núnis
estruturas de dados,desempenho,gestão de conteúdo,implementar
algoritmos,escolha de estruturas de dados,pilha,dólar,medidas de prevenção
programação,estruturidades lineares,react
segurança em rede,cavalho de troia,gestão de conteúdo,percorrer
notação bigul,árvore,desempenho
conjunto,roteiro
demanda,lista de controle de acesso,carreira freelancer,prósoo ranjão núnis
negociação,programador,api,algoritmos,programação
estrutura de dados,wordpress,fila,brasileira
computador,vídeo
bula zedekita,demanda,membros ativos,informação,mega bigoteta
base de dados,interceptação,tipo obstrato de dados,segurança lógica,implementação
bibliotecas,level design,javascript,organização de dados
oportunidade,tempo de execução,lista de controle de acesso,pyuers,lifo
desenvolvedor web,estruturas de dados,brasileira,criptografia,freelancing
dólar,computador,segurança física
marketing,binária,conjunto,percorrer
oportunidade,camadas,área de computação,modelo tcp,back doas
fila,programação,fabricação,acesso conveniente
api,mega bigoteta,matriz,notação bigul
xbox,roteiro
back-end,html,vulnerabilidade
algoritmos,importância
brasileira,pilha,cavalho de troia,dificuldades,rede de computadores
criptografia,lista de controle de acesso,demanda,lifo,comunicação
brasil,pilha,lista de controle de acesso
complexidade,interceptação,jogos,entrega de pacote
informação,wordpress,membros ativos
arranjo,dificuldades
marketing,pilha,autenticação,desempenho
busca,carreira freelancer,regra de armazenamento
modificação,css,linguagem de programação
troca de informação,linguagem de x e x,estruturidades,tecnologia
segurança física,fifo
mega bigoteta,criptografia,equipe
ameaça,mundo,algoritmo,brasil,internet
listas,área de computação,canal atequita,brasil
persistência de dados,implementar,área de computação,brasileira
vetor,ativo
algoritmos,interceptação,criptografia
memória,demanda,ameaça
freelancing,diferença
pontinhos,fila,busca
arranjo,programação,oportunidade,medidas de prevenção
canal atequita,camadas,gestão de conteúdo,django
árvore,brasil,algoritmo,regras de negócio
php,implementação
dificuldades,fila
programador,empresa,gestão de conteúdo,regras de negócio,rede de computadores
css,percorrer,ativo,prósoo ranjão núnis
desenvolvedor web,pouca roupa de frio,implementar,back doas,estrutura de dados
carreira freelancer,canal atequita,desenho
freelancing,tempo de execução,back doas
análise de algoritmos,marketing
programação,brasileira,árvore,rede de computadores
implementação,ameaça,algoritmos,programação
freelancing,cavalho de troia,persistência de dados
graduação,cms,estruturidades
programação,regras de negócio,protocolos
back doas,oportunidade
frameworks,acesso conveniente,css
implementar,equipe,fila
estrutura de dados,programação,conceito visual
back-end,marketing,desempenho
informação,mega bigoteta,análise acentótica,vídeo,regra de armazenamento
rede de computadores,música,cavalho de troia,programação,marketing
carreira freelancer,estruturidades lineares,arranjo,graduação
percorrer,conjunto,organização de dados,level design
jogos,administração,marketing
tecnologia,importância,pontinhos,graduação
vetor,persistência de dados
ativo,arranjo,programação,lógica de programação
base de dados,comunicação
programador,algoritmos,interceptação
análise de algoritmos,fila,servidores,worms
api,canal atequita,dev,css,jogos
react,entrega de pacote,bibliotecas
princípios de segurança,siniciente
protocolos,roadmap de estudos,lista de controle de acesso,freelancing
desenvolvedor web,react
prósoo ranjão núnis,diferença,routch kit,tempo de execução,arranjo
css,árvore,produção,troca de informação,percorrer
html,fila
linguagem de programação,lançamentos,segurança em rede
php,fila
lista de controle de acesso,criptografia,roteiro,html,camadas
routch kit,estrutura de dados,implementar,estruturidades não lineares,roastinger
administração,front-end,segurança lógica
brasileira,criptografia,interligação
lógica de programação,vídeo,linguagem de x e x,estruturidades lineares
javascript,wordpress
lista de controle de acesso,análise de algoritmos
jogos,estrutura de dados,graduação,dificuldades
marketing,conjunto,servidores,lista de controle de acesso
administração,tempo de execução
pouca roupa de frio,algoritmos,prósoo ranjão núnis,estruturidades
matriz,linguagem de x e x,pouca roupa de frio
brasileira,algoritmo
graduação,node,escolha de estruturas de dados
medidas de prevenção,worms
desempenho,escolha de estruturas de dados
comunicação,vídeo,pouca roupa de frio
roastinger,vírus,fila,freelancing
análise acentótica,árvore,binária,estrutura de dados,rede de computadores
autenticação,oportunidade
persistência de dados,node,php,segurança física,ativo
implementação,desenho,memória
node,fifo,php
dólar,programação
complexidade,interligação,lifo,bibliotecas,informação
comunicação,bibliotecas,computador
desenho,carreira freelancer,comunicação,lançamentos,dev
algoritmos,estruturidades lineares,dólar
brasileira,canal atequita
algoritmos,roadmap de estudos,django,rede de computadores
gestão de conteúdo,mega bigoteta,programador,rede de computadores,freelancing
mundo,princípios de segurança,estruturidades lineares
desenho,lançamentos
princípios de segurança,linguagem de x e x
cavalho de troia,organização
administração,wordpress,desenvolvimento
programação,eficiente,estrutura de dados
importância,wordpress,eficiente,carreira freelancer
javascript,carreira freelancer,wordpress,bula zedekita,implementação
roteiro,programação,css,algoritmos
lançamentos,frameworks
programação,interceptação,programação
pilha,frameworks,lógica de programação
tipo obstrato de dados,bula zedekita,estruturidades não lineares,autorização
estruturidades,roteiro,administração,frameworks
organização de dados,estrutura de dados,estrutura de dados
rede de computadores,produção,carreira freelancer,vulnerabilidade,programação
estrutura de dados,back-end,pilhas,desenvolvedor web
eficiente,área de computação,organização de dados
pilha,troca de informação,memória,programação,django
eficiente,percorrer,prósoo ranjão núnis
medidas de prevenção,lista de controle de acesso,autenticação,acesso conveniente,eficiente
vírus,percorrer
api,análise de algoritmos,algoritmos
roastinger,conceito visual
risco,protocolos,dificuldades,carreira freelancer
tipo obstrato de dados,algoritmos
linguagem de x e x,internet,dólar
complexidade,servidores,wordpress,mundo,django
dólar,computador
pilha,busca
canal atequita,vírus
rede de computadores,front-end
estrutura de dados,arranjo
xbox,complexidade,roteiro
segurança física,organização
oportunidade,pontinhos,django
pontinhos,memória,regra de armazenamento,comunicação
importância,carreira freelancer
música,empresa,membros ativos
brasileira,fila,pilha
pyuers,estruturas de dados,segurança lógica,back doas,mega bigoteta
pilha,front-end,estruturidades não lineares
fabricação,computador
tecnologia,implementar,mundo
fifo,persistência de dados,routch kit
modelo tcp,rede de computadores
lifo,desempenho,html,marketing
pilha,react,estruturidades não lineares,canal atequita
roteiro,algoritmos
economia,armazenar,implementação,gestão de conteúdo
negociação,tecnologia
memória,php
empresa,armazenar,estruturidades lineares
segurança física,segurança em rede
segurança em rede,troca de informação
level design,notação bigul
memória,brasileira
implementação,fila,back doas,react
fifo,algoritmo,dev,base de dados
matriz,back doas,bibliotecas,frameworks
desempenho,rede de computadores
linguagem de programação,gestão de conteúdo
modelo osi,xbox,back-end
versionamento de código,dólar,gestão de conteúdo
entrega de pacote,dev,regra de armazenamento,linguagem de programação
vetor,jogos,estrutura de dados,armazenar
roteiro,freelancing,segurança física
base de dados,comunicação,dólar,memória,prósoo ranjão núnis
autorização,base de dados
notação bigul,javascript,linguagem de x e x,gestão de conteúdo,produção
vulnerabilidade,arranjo,área de computação,api
node,internet
protocolos,escolha de estruturas de dados,comunicação,django
segurança física,ameaça
arranjo,importância
matriz,dev,camadas,arranjo,criptografia
busca,algoritmos,memória,bots
estruturidades,jogos,mundo,complexidade,routch kit
freelancing,bula zedekita
computador,front-end,segurança física,implementar
wordpress,estrutura de dados
back-end,tipo obstrato de dados,modelo tcp,lista de controle de acesso,canal atequita
oportunidade,canal atequita
vetor,roadmap de estudos,implementar,programador,negociação
siniciente,ameaça,tecnologia,protocolos
graduação,interligação
princípios de segurança,freelancing
estrutura de dados,tecnologia,organização de dados,segurança física,empresa
música,algoritmos,vetor,protocolos,tecnologia
tecnologia,desenho
estruturidades não lineares,diferença,node,algoritmos,dólar
fila,lifo
listas,interconexão
informação,tecnologia,estruturas de dados,persistência de dados,marketing
programação,siniciente
html,regras de negócio,tipo obstrato de dados,percorrer
protocolos,medidas de prevenção,gestão de conteúdo,árvore,área de computação
brasileira,routch kit,regras de negócio,roteiro,vírus
pilhas,organização de dados,comunicação
internet,estrutura de dados,autorização
cms,matriz,estruturidades,fabricação
interconexão,desenvolvedor web
vírus,base de dados,equipe,versionamento de código,php
princípios de segurança,html,computador,versionamento de código,tipo obstrato de dados
php,vulnerabilidade,comunicação
arranjo,conceito visual,lógica de programação,mega bigoteta
autorização,interligação
memória,área de computação,modificação,programação,fabricação
cms,node,internet,programação
node,pyuers,gestão de conteúdo,modificação
desempenho,implementação,árvore,bibliotecas,api
api,conceito visual
bula zedekita,autorização,princípios de segurança,bibliotecas,comunicação
linguagem de programação,percorrer
wordpress,interligação,pyuers
cms,regras de negócio,pontinhos,demanda,tipo obstrato de dados
memória,fila,brasil,busca,wordpress
estruturidades lineares,estruturidades,mega bigoteta,organização
brasil,organização,empresa
desenvolvimento,freelancing
códigos maliciosos,organização de dados,programação,javascript
armazenar,risco,fifo,react,marketing
desenvolvedor web,estrutura de dados,membros ativos,lifo,organização de dados
árvore,análise acentótica,bibliotecas
bots,css,vulnerabilidade
estruturas de dados,pyuers,front-end,pilhas,roastinger
back-end,desenvolvimento
brasileira,freelancing,economia,princípios de segurança,xbox
desenvolvimento,dev,interligação,algoritmo,persistência de dados
vídeo,listas,react
computador,estruturas de dados,marketing
algoritmos,dólar,desenho,vírus
carreira freelancer,internet
canal atequita,dólar
estruturidades,oportunidade,back-end,roteiro
algoritmos,servidores,fifo,bibliotecas,ativo
memória,programação
roteiro,servidores,percorrer,computador,notação bigul
gestão de conteúdo,oportunidade,listas,brasileira,node
css,siniciente
troca de informação,princípios de segurança,brasil,front-end
demanda,react,economia,medidas de prevenção
códigos maliciosos,criptografia
versionamento de código,arranjo,cms
economia,pouca roupa de frio,django
algoritmos,desenvolvedor web,estruturidades lineares
troca de informação,roadmap de estudos,back-end,tipo obstrato de dados
modelo tcp,autenticação,árvore,criptografia
react,diferença,membros ativos,regras de negócio,graduação
bula zedekita,worms,memória,html,roastinger
vetor,entrega de pacote,pilha,estruturidades não lineares,organização de dados
eficiente,programação
segurança física,área de computação,busca
interconexão,html
cavalho de troia,diferença
linguagem de x e x,interceptação,área de computação,fila,economia
oportunidade,pilhas
persistência de dados,algoritmo,complexidade,programação,versionamento de código
busca,estrutura de dados,notação bigul,demanda
organização de dados,brasileira
tecnologia,modelo tcp,segurança física,pilhas
routch kit,negociação,eficiente
tecnologia,informação,versionamento de código,bula zedekita
roteiro,segurança lógica,percorrer,árvore
organização de dados,regras de negócio,level design,autenticação
lançamentos,fila,percorrer,css,demanda
javascript,pouca roupa de frio,eficiente,análise de algoritmos,vulnerabilidade
implementação,conceito visual
modelo osi,implementação
lifo,equipe,lista de controle de acesso
regra de armazenamento,conceito visual
pontinhos,base de dados
lógica de programação,fila,organização de dados,tempo de execução,implementar
risco,notação bigul
level design,fifo,listas,interligação,autenticação
busca,bula zedekita
wordpress,level design
django,bula zedekita
árvore,wordpress,javascript,api
binária,medidas de prevenção,brasil
estruturas de dados,lançamentos
level design,lógica de programação
estruturidades,programador
estruturidades não lineares,javascript,django,worms,internet
desenvolvedor web,organização de dados
worms,memória,entrega de pacote
fabricação,interceptação
vulnerabilidade,rede de computadores,ativo
pilhas,troca de informação,wordpress,back-end
linguagem de x e x,algoritmos,área de computação,risco
roastinger,roteiro,autenticação
tecnologia,comunicação
modelo tcp,eficiente,php
bula zedekita,siniciente,servidores,interceptação,criptografia
memória,interligação,freelancing,bots
dev,vídeo
eficiente,interconexão,criptografia,roadmap de estudos
php,produção,graduação,pilha,html
vulnerabilidade,bula zedekita,estrutura de dados,modelo osi
carreira freelancer,armazenar
internet,persistência de dados
economia,protocolos,interceptação,interconexão
estruturidades,css,prósoo ranjão núnis,algoritmos
vetor,tecnologia,frameworks,fila
cavalho de troia,programação,marketing,camadas,estruturidades não lineares
bibliotecas,level design,desempenho,pilha
linguagem de x e x,php,lifo
fila,interceptação,autenticação
canal atequita,level design,conjunto,carreira freelancer,vídeo
marketing,equipe
armazenar,negociação,lista de controle de acesso,bibliotecas
wordpress,lifo,fifo,bibliotecas
estruturidades lineares,autenticação,roastinger
roastinger,tempo de execução,importância
administração,base de dados,persistência de dados,back doas
mega bigoteta,armazenar,javascript,notação bigul,produção
persistência de dados,programação,interligação
comunicação,protocolos,programação
desenho,node,estruturidades,roteiro
brasileira,área de computação,protocolos
ativo,conjunto
carreira freelancer,lançamentos,conceito visual,segurança física,linguagem de programação
informação,back doas,html
base de dados,bibliotecas,lógica de programação
interconexão,ativo,tipo obstrato de dados,princípios de segurança
ameaça,diferença,arranjo,internet
área de computação,lógica de programação
códigos maliciosos,troca de informação,carreira freelancer,estruturidades não lineares
estrutura de dados,memória
dólar,algoritmo,autorização
complexidade,vulnerabilidade
algoritmos,roastinger,api,react,computador
fila,princípios de segurança
informação,membros ativos,estruturidades,tipo obstrato de dados,programador
organização,fila,memória,php,jogos
demanda,vetor,interligação,segurança física
importância,carreira freelancer,brasileira,autorização
modelo tcp,frameworks,fabricação
risco,gestão de conteúdo,lógica de programação,ameaça
negociação,linguagem de x e x,comunicação,interligação
versionamento de código,implementação
marketing,ativo
brasil,vetor,área de computação,administração
diferença,django
implementação,back doas,routch kit,freelancing
estruturidades não lineares,dólar
vetor,worms,xbox
vídeo,empresa,protocolos,área de computação
eficiente,pilha,implementar
estruturas de dados,lógica de programação
membros ativos,segurança em rede,árvore,pilhas
roadmap de estudos,diferença,dificuldades
pyuers,roadmap de estudos,lógica de programação,mega bigoteta,algoritmos
segurança física,modelo osi,princípios de segurança,oportunidade
árvore,base de dados,django,informação,comunicação
back doas,algoritmo,modelo tcp,área de computação
modelo tcp,percorrer,memória,modelo osi,economia
percorrer,api
lógica de programação,complexidade,vírus
desenvolvedor web,princípios de segurança,segurança em rede,linguagem de x e x
fifo,desenvolvedor web
brasil,modelo osi,códigos maliciosos,internet,marketing
mundo,estruturidades não lineares
programação,base de dados
segurança em rede,troca de informação,programador,música
worms,cavalho de troia
roastinger,códigos maliciosos
routch kit,autenticação,dificuldades
freelancing,lógica de programação,memória
ameaça,roadmap de estudos
produção,administração
css,fabricação,base de dados
roastinger,bula zedekita,protocolos
bots,comunicação
mundo,demanda,listas,lifo,troca de informação
análise de algoritmos,princípios de segurança,estruturas de dados
demanda,vetor,estrutura de dados,desenho,persistência de dados
armazenar,javascript,cavalho de troia
protocolos,rede de computadores,linguagem de programação
bibliotecas,autenticação,binária,fila
eficiente,canal atequita,modelo osi,organização,pilha
economia,implementação,internet
segurança em rede,estrutura de dados
vírus,lógica de programação
comunicação,jogos
django,modelo tcp,internet,fila
front-end,algoritmo
tipo obstrato de dados,informação,estrutura de dados
membros ativos,frameworks
segurança em rede,regra de armazenamento,internet,django
lógica de programação,fifo,produção,troca de informação
pontinhos,oportunidade,vulnerabilidade,bots,informação
dev,pilhas,vírus,tipo obstrato de dados
produção,lançamentos,economia,front-end,análise acentótica
canal atequita,autorização
pilhas,análise acentótica,análise de algoritmos,bula zedekita,membros ativos
percorrer,negociação,música,diferença,cms
programação,comunicação
economia,membros ativos,pilhas,canal atequita
computador,dificuldades,segurança lógica,risco,roadmap de estudos
diferença,ativo,camadas
wordpress,roadmap de estudos,gestão de conteúdo,árvore
api,worms,desenvolvimento
roastinger,empresa
brasil,algoritmos,matriz
siniciente,persistência de dados
php,servidores,segurança lógica,protocolos,back doas
algoritmo,routch kit,django,produção
programação,computador,programação,segurança física,xbox
códigos maliciosos,listas,bibliotecas
autorização,análise acentótica
modificação,programador
wordpress,linguagem de programação
estrutura de dados,algoritmo,produção,front-end
roteiro,lista de controle de acesso,vulnerabilidade,armazenar
implementar,mundo,princípios de segurança,carreira freelancer
estruturidades,economia,empresa,regra de armazenamento,percorrer
roadmap de estudos,programação,música,django
prósoo ranjão núnis,programador,música
autenticação,programação,segurança em rede
tempo de execução,programação
xbox,pyuers,rede de computadores,dev,estruturidades não lineares
bula zedekita,equipe
bots,wordpress,tipo obstrato de dados,vetor,rede de computadores
acesso conveniente,desenho,mundo,desenvolvimento
lista de controle de acesso,desempenho,conceito visual
marketing,estrutura de dados,computador,desenvolvedor web,vetor
prósoo ranjão núnis,django,cms,camadas,css
área de computação,react,siniciente,árvore
análise de algoritmos,análise acentótica
brasileira,acesso conveniente
medidas de prevenção,segurança física,lançamentos,comunicação,conjunto
roteiro,mundo
camadas,oportunidade,implementação
notação bigul,tipo obstrato de dados
linguagem de programação,dev,fila
demanda,roteiro,diferença,princípios de segurança,roastinger
algoritmo,vídeo,comunicação,lógica de programação,arranjo
complexidade,informação,estruturidades lineares,organização de dados
marketing,tempo de execução
ameaça,graduação,xbox,roastinger,django
mega bigoteta,pyuers,servidores
busca,dólar
análise de algoritmos,camadas
cms,desenho,autorização,empresa,estruturidades não lineares
eficiente,listas,algoritmos,música
eficiente,autenticação,conceito visual,desempenho
comunicação,lançamentos,wordpress,roastinger,desempenho
vetor,lista de controle de acesso,marketing
empresa,modificação,tipo obstrato de dados,desenvolvimento
estruturidades,versionamento de código,economia,siniciente
programação,mundo,canal atequita,pyuers,estrutura de dados
lista de controle de acesso,modelo osi,pilha,segurança lógica
gestão de conteúdo,desempenho,modelo tcp,análise de algoritmos
comunicação,graduação,fila
conjunto,modificação
regra de armazenamento,segurança lógica,fila,equipe
algoritmos,estruturidades lineares,diferença,comunicação
mega bigoteta,segurança física
estruturidades,node,comunicação,modelo osi
camadas,brasileira
equipe,algoritmo,rede de computadores,risco,versionamento de código
mundo,vírus,xbox,fila,pyuers
negociação,camadas,oportunidade,estruturas de dados
estruturas de dados,autenticação,desenvolvedor web,acesso conveniente
estrutura de dados,level design,análise acentótica
equipe,persistência de dados
vírus,organização de dados,jogos,pyuers,acesso conveniente
estruturas de dados,escolha de estruturas de dados
área de computação,modificação
análise de algoritmos,tipo obstrato de dados
roteiro,bots
carreira freelancer,cavalho de troia,roteiro,análise de algoritmos,roastinger
segurança lógica,busca,organização,programação
implementação,dólar,desenvolvimento,pouca roupa de frio,algoritmos
matriz,busca,pontinhos,linguagem de x e x
gestão de conteúdo,binária
linguagem de programação,frameworks
canal atequita,tecnologia
cavalho de troia,vírus,tempo de execução,versionamento de código
worms,empresa,frameworks,desempenho,xbox
wordpress,segurança em rede
medidas de prevenção,demanda,interceptação,marketing,pontinhos
organização de dados,estruturidades lineares,react,vulnerabilidade,linguagem de x e x
programador,complexidade,algoritmos
interligação,notação bigul,cms
comunicação,matriz,algoritmos
área de computação,routch kit
algoritmos,troca de informação
entrega de pacote,percorrer,acesso conveniente
medidas de prevenção,complexidade,matriz
estruturas de dados,importância,siniciente
css,xbox,matriz,percorrer
vulnerabilidade,autenticação,regras de negócio
interligação,comunicação,html
percorrer,estruturidades
bibliotecas,desenvolvedor web,empresa,vetor,desenvolvimento
programação,dev,criptografia
pilha,área de computação,desenvolvedor web,implementar,risco
linguagem de x e x,css,regra de armazenamento
canal atequita,lançamentos,programação,área de computação
matriz,interconexão,árvore,linguagem de programação,rede de computadores
oportunidade,cavalho de troia,algoritmos
brasil,binária,interligação
pilhas,camadas,node,cavalho de troia,graduação
análise acentótica,listas
siniciente,level design,segurança em rede,códigos maliciosos,informação
importância,pilhas,eficiente,organização de dados,node
jogos,servidores,vetor
vulnerabilidade,notação bigul,bibliotecas,tempo de execução
html,css,importância,fila
camadas,wordpress,javascript,importância,estruturas de dados
análise acentótica,graduação
base de dados,roastinger,pyuers
economia,jogos,modificação
brasil,ativo,desenvolvimento
roastinger,implementação,segurança lógica,programação
fabricação,desenvolvedor web,interligação,linguagem de x e x,carreira freelancer
comunicação,vetor
estruturidades,api,django,graduação,cms
xbox,vídeo,roteiro,pouca roupa de frio
bots,programação,fila
criptografia,programação,notação bigul,equipe,vetor
fabricação,organização de dados
risco,equipe,brasileira
django,computador,vídeo
estruturidades,pontinhos,frameworks
persistência de dados,autorização,implementação,dev,regras de negócio
códigos maliciosos,tecnologia
árvore,produção
risco,servidores,node,equipe,percorrer
desempenho,worms,análise de algoritmos,tipo obstrato de dados
interceptação,oportunidade,listas,análise acentótica,linguagem de programação
ativo,fifo,algoritmo,princípios de segurança,troca de informação
base de dados,vídeo,carreira freelancer,importância
entrega de pacote,pouca roupa de frio,conjunto,pilha,cms
modelo osi,organização de dados,cms
fila,desenvolvedor web,troca de informação,ativo
análise de algoritmos,economia,linguagem de programação,estruturidades lineares,bots
matriz,música,routch kit
estruturas de dados,organização de dados,memória,fifo
pilha,implementar,estruturas de dados,marketing,estruturidades lineares
vídeo,regra de armazenamento,lançamentos,mega bigoteta,entrega de pacote
vídeo,segurança lógica,html,medidas de prevenção,roastinger
programador,dev
desenho,desempenho
programação,área de computação
level design,códigos maliciosos
algoritmos,medidas de prevenção,regras de negócio
medidas de prevenção,fila,acesso conveniente
gestão de conteúdo,busca,programador,memória
pyuers,conjunto,comunicação
desenho,informação
back doas,fila
jogos,front-end,implementação,lógica de programação,desenvolvimento
conjunto,empresa,estruturidades não lineares
computador,implementar
estruturidades não lineares,algoritmos,roteiro
bots,organização
comunicação,modificação
base de dados,fifo,react
pilhas,pilha,criptografia,desenho
fila,internet,roadmap de estudos,bibliotecas
vulnerabilidade,pontinhos,computador,linguagem de programação
back-end,vídeo,matriz,routch kit,graduação
implementação,lista de controle de acesso,bots,complexidade,desempenho
autorização,fifo
princípios de segurança,canal atequita,interconexão,wordpress
fila,análise acentótica
binária,rede de computadores,segurança em rede,canal atequita,memória
dólar,algoritmos,base de dados,routch kit
servidores,ativo,conjunto
dólar,lifo
fabricação,segurança física,análise acentótica,música,autenticação
memória,memória,regra de armazenamento,frameworks
pilhas,segurança em rede
brasil,estruturidades lineares,servidores,routch kit,ativo
notação bigul,análise de algoritmos,pilhas,modelo osi,troca de informação
bula zedekita,pilha
computador,desenvolvedor web
gestão de conteúdo,fabricação
html,regras de negócio
cms,equipe,pilha,autenticação,javascript
django,prósoo ranjão núnis,percorrer,implementar,brasileira
css,árvore,linguagem de x e x,estruturidades não lineares
busca,segurança em rede,html,dólar
fabricação,roastinger,busca,códigos maliciosos
pontinhos,modelo osi,servidores,programador
html,informação,protocolos
organização de dados,organização
frameworks,pontinhos,produção
memória,php
base de dados,medidas de prevenção,internet
base de dados,música,modelo tcp,front-end
tipo obstrato de dados,routch kit
tempo de execução,comunicação,react
implementação,programação,worms,mega bigoteta
lifo,escolha de estruturas de dados,routch kit,modificação
roteiro,freelancing,bula zedekita
graduação,node,estruturidades
desenvolvedor web,fabricação
programador,vulnerabilidade,fila,protocolos,servidores
administração,análise acentótica,versionamento de código
estrutura de dados,dólar
protocolos,administração,pilhas
marketing,django
pilha,pontinhos,pouca roupa de frio,lógica de programação,back doas
armazenar,routch kit
computador,eficiente,protocolos,área de computação,memória
interceptação,xbox,tecnologia,html
dólar,árvore,routch kit,comunicação
diferença,css,risco,árvore,tipo obstrato de dados
desenvolvimento,arranjo,modelo tcp
pilha,tecnologia,routch kit,php
busca,node,brasileira,regras de negócio,comunicação
informação,react,brasil,memória
base de dados,binária,diferença,back doas
estruturidades não lineares,empresa
rede de computadores,fila,lançamentos,diferença
mundo,segurança lógica,economia,pontinhos
ativo,membros ativos,protocolos,princípios de segurança,bula zedekita
binária,economia
node,dev,algoritmos
css,mundo,comunicação,música,notação bigul
princípios de segurança,graduação
conceito visual,programação,organização de dados
arranjo,códigos maliciosos,comunicação
organização,música,negociação,react,back doas
estruturidades lineares,algoritmos,membros ativos
lançamentos,fila,regras de negócio,bots,matriz
administração,memória,fila
css,siniciente,modelo tcp,segurança física
segurança em rede,modelo osi
cms,back-end
api,persistência de dados,organização de dados
javascript,brasileira
busca,internet,xbox
mega bigoteta,php,dev
marketing,desempenho,importância,node
django,segurança em rede,notação bigul,memória
php,estruturidades não lineares,roadmap de estudos
linguagem de x e x,estruturas de dados,camadas
back-end,ativo,área de computação,vírus
tipo obstrato de dados,fabricação,interconexão,javascript
worms,eficiente
medidas de prevenção,segurança física,servidores
tempo de execução,importância,servidores,siniciente,back doas
back-end,criptografia,servidores,estruturas de dados
modelo tcp,estruturas de dados,empresa
códigos maliciosos,persistência de dados
django,modelo tcp,pilhas,busca,segurança em rede
empresa,pilhas,bula zedekita,algoritmo,brasileira
percorrer,protocolos,programação
bibliotecas,persistência de dados,algoritmo,mega bigoteta
modelo tcp,princípios de segurança,persistência de dados
camadas,interligação
implementar,protocolos,complexidade,diferença,busca
troca de informação,implementar,listas,jogos
bots,canal atequita,percorrer
estruturidades lineares,vulnerabilidade,implementar,economia,gestão de conteúdo
listas,informação,regras de negócio
dev,programação,marketing
memória,dólar
internet,fila,html,administração
roadmap de estudos,membros ativos,lógica de programação
xbox,persistência de dados,análise de algoritmos,roastinger
back-end,complexidade,freelancing,risco,busca
rede de computadores,front-end
bibliotecas,pontinhos,prósoo ranjão núnis,fifo
pontinhos,computador,modelo osi
base de dados,estrutura de dados,desenvolvedor web
dificuldades,implementar,pouca roupa de frio,implementação
fifo,lista de controle de acesso,programação,tempo de execução,ativo
vídeo,node
binária,algoritmos,siniciente
fila,roteiro
django,autorização,php
tecnologia,lógica de programação
back-end,regra de armazenamento,eficiente,oportunidade,pilha
implementação,memória,estrutura de dados
empresa,estruturas de dados,percorrer,node,gestão de conteúdo
códigos maliciosos,canal atequita,modelo tcp,algoritmos,tempo de execução
lifo,comunicação
organização de dados,desenvolvedor web,vulnerabilidade
interligação,brasileira,ameaça,implementar,pilha
lógica de programação,pilha
cms,interconexão,back doas,busca
programação,lista de controle de acesso,arranjo,carreira freelancer,node
lista de controle de acesso,eficiente,xbox,frameworks,brasil
estruturas de dados,regras de negócio,criptografia,interligação
level design,modelo osi,implementação,jogos,demanda
internet,arranjo,level design,binária,diferença
regra de armazenamento,linguagem de x e x,desenvolvimento,modificação,estruturidades lineares
linguagem de x e x,algoritmo,organização
entrega de pacote,pouca roupa de frio
equipe,carreira freelancer,algoritmo,lista de controle de acesso
conjunto,membros ativos,algoritmos,lista de controle de acesso,base de dados
estrutura de dados,autenticação,vetor
tempo de execução,internet,complexidade,informação
jogos,roteiro,pouca roupa de frio,busca,equipe
bibliotecas,desempenho,criptografia
regra de armazenamento,lógica de programação
implementar,desenho,persistência de dados,escolha de estruturas de dados,xbox
cms,react,segurança lógica,estruturas de dados,lógica de programação
level design,busca,segurança lógica
versionamento de código,árvore,fila,persistência de dados,back doas
implementar,oportunidade
estruturidades não lineares,brasil,matriz,servidores
organização,dev
estruturidades lineares,modelo osi,organização de dados,base de dados
wordpress,conceito visual,pouca roupa de frio
negociação,importância,internet
programador,modificação,estrutura de dados,protocolos,risco
siniciente,organização de dados
comunicação,frameworks,modelo osi,autorização
lista de controle de acesso,javascript,estrutura de dados
lifo,empresa,segurança lógica,xbox
routch kit,tempo de execução,algoritmos,servidores,interceptação
lógica de programação,linguagem de programação,notação bigul,interconexão
economia,freelancing,worms,html,área de computação
organização,desenho,implementação,risco,ativo
computador,medidas de prevenção,dev
demanda,base de dados,fila,versionamento de código,tecnologia
segurança lógica,linguagem de programação
front-end,implementar,prósoo ranjão núnis
área de computação,versionamento de código,percorrer,graduação,organização de dados
canal atequita,organização de dados,back doas,medidas de prevenção
wordpress,lifo,autenticação,modelo osi,importância
front-end,node,implementar,importância,administração
modelo osi,membros ativos,bibliotecas,eficiente
percorrer,memória,php,economia,wordpress
back doas,xbox,segurança lógica
desenho,pouca roupa de frio,conjunto,html,segurança física
back-end,binária,desenho,estrutura de dados,pyuers
gestão de conteúdo,internet,binária
membros ativos,pontinhos,roadmap de estudos
dev,linguagem de x e x,negociação,economia
vulnerabilidade,modelo osi,internet
comunicação,armazenar,node
back doas,carreira freelancer,programador,front-end,complexidade
produção,brasil,empresa,matriz,fabricação
eficiente,programação,organização,estruturas de dados,medidas de prevenção
lista de controle de acesso,desenvolvimento
troca de informação,música,linguagem de programação,fila,jogos
implementar,cavalho de troia,camadas,programação
bula zedekita,estrutura de dados
vírus,carreira freelancer,javascript,arranjo
regra de armazenamento,dólar,complexidade,troca de informação,servidores
base de dados,programador,programação,internet
complexidade,estruturas de dados,siniciente,linguagem de x e x,comunicação
interconexão,estruturas de dados,segurança física,fila
django,estrutura de dados
desenvolvimento,vídeo,binária,segurança em rede
linguagem de programação,mega bigoteta,front-end,segurança física
protocolos,camadas,linguagem de x e x,freelancing
estrutura de dados,linguagem de programação,eficiente
acesso conveniente,economia,tecnologia,worms
estrutura de dados,worms,comunicação,estruturas de dados
cavalho de troia,códigos maliciosos,lifo,rede de computadores
tempo de execução,freelancing,back doas
fabricação,busca,computador,ameaça
informação,troca de informação,membros ativos
desempenho,comunicação,negociação,siniciente,wordpress
roastinger,wordpress,frameworks,graduação
regras de negócio,algoritmo
internet,segurança física,comunicação,informação,acesso conveniente
arranjo,empresa,implementar
programador,bots
estruturidades não lineares,pyuers
mundo,entrega de pacote
complexidade,escolha de estruturas de dados,oportunidade
acesso conveniente,interligação,node
estruturidades lineares,pyuers
back-end,php,negociação,dev
música,servidores,acesso conveniente,complexidade
modelo osi,bibliotecas,medidas de prevenção,marketing,organização de dados
regras de negócio,rede de computadores
comunicação,algoritmos
regras de negócio,bibliotecas,modificação,versionamento de código,ameaça
segurança física,brasileira,vírus,vetor
comunicação,react
administração,diferença,matriz,estruturidades não lineares,autenticação
programador,bots,troca de informação
listas,estruturidades,lista de controle de acesso,conjunto
fila,routch kit,back doas,memória
carreira freelancer,oportunidade,ameaça,brasil,organização de dados
autenticação,gestão de conteúdo,node,negociação,vetor
base de dados,comunicação,siniciente,medidas de prevenção
react,canal atequita,análise acentótica
mega bigoteta,back doas,organização de dados
bula zedekita,listas,servidores,segurança lógica,freelancing
front-end,react,fila,javascript
front-end,pouca roupa de frio,códigos maliciosos
organização,estruturidades lineares,acesso conveniente,estruturidades,pontinhos
binária,estrutura de dados,mega bigoteta,programação
notação bigul,interconexão,mega bigoteta,pilha
organização,brasil,lifo,mundo,matriz
django,interligação,fila,conceito visual
servidores,escolha de estruturas de dados,linguagem de x e x
desenvolvimento,pilhas,programação,desempenho
risco,routch kit,roadmap de estudos,versionamento de código
fila,canal atequita,roteiro,complexidade,gestão de conteúdo
rede de computadores,pontinhos,lançamentos,estrutura de dados
conjunto,graduação,computador,música,bibliotecas
siniciente,fila
camadas,implementação,carreira freelancer,pontinhos
programação,pouca roupa de frio,memória
frameworks,listas,segurança lógica
routch kit,api,camadas
pouca roupa de frio,segurança lógica,princípios de segurança
risco,interceptação,linguagem de programação,desenho
produção,notação bigul,algoritmos
tecnologia,persistência de dados,pilhas,modelo tcp,acesso conveniente
algoritmos,programação,regras de negócio,estruturas de dados,escolha de estruturas de dados
django,css
programação,fila,ameaça,level design,interceptação
criptografia,busca
segurança em rede,árvore
bots,pouca roupa de frio
implementação,vulnerabilidade,programação,produção,roteiro
risco,carreira freelancer
criptografia,api,segurança lógica
php,programação,vetor,fila,modelo tcp
frameworks,programador,programação,oportunidade,vulnerabilidade
interligação,interceptação,vetor,desenho
vulnerabilidade,linguagem de x e x,brasil,estrutura de dados,conceito visual
wordpress,pilhas
frameworks,estruturas de dados,wordpress,worms,pouca roupa de frio
roadmap de estudos,vulnerabilidade,área de computação,freelancing,php
roastinger,mega bigoteta,oportunidade
desenvolvimento,lista de controle de acesso
desenvolvedor web,modificação
produção,pouca roupa de frio,notação bigul,acesso conveniente
roadmap de estudos,lógica de programação,gestão de conteúdo
estruturidades não lineares,análise acentótica,versionamento de código,área de computação,desenvolvimento
camadas,demanda,computador
comunicação,servidores
level design,entrega de pacote,camadas,implementar,regras de negócio
desempenho,demanda,back-end
bots,vírus,códigos maliciosos
gestão de conteúdo,servidores
ativo,algoritmo
organização,php,servidores,back-end
rede de computadores,escolha de estruturas de dados,cavalho de troia,carreira freelancer
conceito visual,brasil,desempenho,percorrer,implementar
área de computação,algoritmos
negociação,árvore,listas,acesso conveniente
estrutura de dados,pontinhos
fila,pilhas
dólar,conjunto
segurança em rede,brasileira,desenvolvedor web
django,pontinhos,equipe
servidores,linguagem de x e x
organização,front-end,percorrer,membros ativos
códigos maliciosos,frameworks,oportunidade
carreira freelancer,gestão de conteúdo,economia,autorização
mega bigoteta,lifo,busca
pilhas,economia,desenvolvimento,programador
pontinhos,empresa
matriz,lançamentos,modificação
informação,javascript,front-end,bibliotecas,comunicação
wordpress,back-end,percorrer,negociação
protocolos,modelo osi
medidas de prevenção,camadas,dificuldades,administração,memória
pontinhos,escolha de estruturas de dados,desenvolvedor web,pilhas,modificação
base de dados,rede de computadores,autenticação,segurança lógica
desenvolvedor web,vídeo,criptografia
dólar,wordpress,algoritmos
lifo,implementação
conjunto,wordpress
persistência de dados,lógica de programação,programador,modelo osi
dev,pouca roupa de frio,pilha,busca
vírus,empresa,eficiente
regras de negócio,oportunidade
dólar,empresa
gestão de conteúdo,fila,pilhas
segurança lógica,troca de informação
tempo de execução,php,vulnerabilidade,lifo,interconexão
interligação,estruturidades,princípios de segurança
css,graduação,criptografia,regra de armazenamento,persistência de dados
siniciente,ameaça,prósoo ranjão núnis,interligação
siniciente,códigos maliciosos
negociação,arranjo,programação,desenvolvimento
base de dados,acesso conveniente,internet
css,prósoo ranjão núnis
desenvolvedor web,tempo de execução,mega bigoteta,interconexão
pyuers,algoritmos,bots,oportunidade,fila
dólar,vídeo,conceito visual
área de computação,informação,frameworks
lista de controle de acesso,algoritmos
interceptação,html,busca
bibliotecas,html,wordpress
modificação,pilha,roadmap de estudos
level design,implementar,linguagem de x e x,estrutura de dados
protocolos,modelo tcp,pilhas,dificuldades,listas
roteiro,diferença
servidores,produção,música,memória
dólar,troca de informação,gestão de conteúdo
fifo,front-end,percorrer
react,conjunto,tipo obstrato de dados,programação,wordpress
django,implementar,demanda,worms
roastinger,comunicação,dólar
pouca roupa de frio,brasileira,css,fabricação
informação,bula zedekita,pontinhos,análise acentótica
listas,demanda,modificação,interligação,freelancing
siniciente,estruturidades não lineares
desempenho,escolha de estruturas de dados
modelo tcp,programação
ameaça,linguagem de programação,wordpress
api,algoritmos
autenticação,vetor,percorrer
bula zedekita,graduação
diferença,cavalho de troia,programador,percorrer
algoritmo,algoritmos,comunicação,bibliotecas
complexidade,worms,autenticação,vídeo,árvore
bula zedekita,ameaça,routch kit,segurança em rede
códigos maliciosos,desempenho,jogos,canal atequita,bibliotecas
css,armazenar
vírus,percorrer,fifo,jogos
camadas,internet,segurança lógica,fabricação
implementar,vetor
versionamento de código,segurança física
desenvolvimento,programador,bibliotecas
memória,economia,interligação,diferença
tempo de execução,área de computação,conjunto,fila
level design,pouca roupa de frio,internet,estruturidades,gestão de conteúdo
risco,prósoo ranjão núnis,pilhas
tipo obstrato de dados,membros ativos,autorização,api,programação
medidas de prevenção,acesso conveniente,organização de dados,mega bigoteta
back-end,lifo
autorização,persistência de dados,desempenho,roadmap de estudos
ameaça,tipo obstrato de dados,regra de armazenamento,camadas
front-end,javascript,pilhas,conceito visual
php,vírus
bots,routch kit,linguagem de x e x,medidas de prevenção
fila,roteiro,regras de negócio
back-end,lifo
estrutura de dados,siniciente,lista de controle de acesso,área de computação
dificuldades,eficiente,bula zedekita,linguagem de x e x,segurança física
pilhas,wordpress
jogos,complexidade,prósoo ranjão núnis,freelancing,fila
autenticação,wordpress
complexidade,wordpress,camadas
estrutura de dados,comunicação,linguagem de x e x
desenho,troca de informação,camadas
risco,pyuers,segurança física,react,memória
códigos maliciosos,vírus,implementar
estruturas de dados,arranjo,estruturidades,vetor,binária
análise de algoritmos,organização de dados,modificação,algoritmo
dificuldades,pilhas
medidas de prevenção,vírus,desenvolvedor web
bots,protocolos
bula zedekita,acesso conveniente,tipo obstrato de dados,pyuers
modelo tcp,estruturidades lineares,vulnerabilidade
internet,camadas
árvore,negociação,javascript,desenho,routch kit
routch kit,mundo,tempo de execução,rede de computadores,estrutura de dados
área de computação,negociação
segurança física,diferença,economia,ativo
dificuldades,fila,versionamento de código,interconexão,memória
programador,análise acentótica,segurança física,cavalho de troia
dólar,modificação,notação bigul,brasil,marketing
css,programação,negociação,interceptação
gestão de conteúdo,react,conjunto,node,oportunidade
autenticação,css
api,base de dados,lifo,segurança lógica
matriz,desempenho,protocolos,django,siniciente
base de dados,memória,área de computação
vetor,diferença,autorização
persistência de dados,estruturas de dados
roadmap de estudos,acesso conveniente,tipo obstrato de dados,xbox,regra de armazenamento
base de dados,informação,escolha de estruturas de dados,desenho,música
busca,base de dados
administração,interceptação,comunicação
pouca roupa de frio,eficiente
economia,segurança física,segurança em rede,busca
membros ativos,php
oportunidade,medidas de prevenção,versionamento de código,tempo de execução,base de dados
busca,segurança lógica,node
node,bots,frameworks,comunicação,economia
medidas de prevenção,css
linguagem de programação,canal atequita,tipo obstrato de dados,oportunidade
bibliotecas,autorização,react
regra de armazenamento,interligação,prósoo ranjão núnis
entrega de pacote,cms,pyuers,negociação,regra de armazenamento
arranjo,dólar,armazenar
php,lifo,jogos,algoritmo,música
bibliotecas,fabricação,back-end,pilhas,informação
princípios de segurança,roadmap de estudos,implementação,pilhas,dificuldades
regras de negócio,linguagem de programação,programação,lifo,árvore
algoritmos,ativo,desenvolvimento,bula zedekita,pilhas
estrutura de dados,mega bigoteta,autorização,importância,mundo
php,api
segurança lógica,modificação,membros ativos,notação bigul
lista de controle de acesso,economia
lógica de programação,eficiente
área de computação,medidas de prevenção,marketing
cavalho de troia,informação,node,binária,lançamentos
bibliotecas,internet,persistência de dados
organização de dados,programação,roastinger
roastinger,segurança lógica,comunicação,lançamentos,desempenho
cms,linguagem de programação,brasil
programador,node,estrutura de dados
busca,implementar,lançamentos
dólar,conjunto,estruturas de dados
segurança lógica,memória,roastinger,estruturidades não lineares,matriz
organização,memória
graduação,php,ameaça,diferença,brasileira
jogos,entrega de pacote,desenvolvedor web,wordpress,programação
cms,front-end
produção,oportunidade,medidas de prevenção,pouca roupa de frio,html
fila,implementação,medidas de prevenção,importância
segurança física,estruturas de dados,canal atequita,css
roadmap de estudos,api,risco,autorização,desenvolvedor web
pontinhos,rede de computadores
carreira freelancer,acesso conveniente
estrutura de dados,persistência de dados
produção,armazenar
binária,camadas,dólar,comunicação,jogos
servidores,organização de dados,lançamentos
freelancing,siniciente
membros ativos,tipo obstrato de dados,modelo osi,roadmap de estudos
fifo,desempenho
linguagem de programação,bots,negociação
persistência de dados,react,programação
desenvolvimento,camadas,produção,complexidade,interceptação
risco,gestão de conteúdo,dólar,prósoo ranjão núnis
mundo,carreira freelancer,negociação,matriz
javascript,pilhas
equipe,dólar,bula zedekita,análise acentótica
desempenho,administração
estrutura de dados,segurança física
wordpress,equipe
desenho,protocolos
implementação,estrutura de dados,interconexão,análise de algoritmos,ativo
tempo de execução,interligação,rede de computadores,freelancing
medidas de prevenção,algoritmos,wordpress,dólar,importância
estrutura de dados,escolha de estruturas de dados,gestão de conteúdo
desenho,vetor,listas,dólar
internet,memória
implementar,desenvolvedor web,área de computação
lifo,percorrer,organização
interconexão,comunicação,estrutura de dados,modelo osi,arranjo
pouca roupa de frio,implementar,dificuldades,interceptação
complexidade,versionamento de código,php
arranjo,modelo osi,prósoo ranjão núnis
busca,mega bigoteta,tecnologia,fifo,dólar
canal atequita,modificação,interconexão,listas,memória
roadmap de estudos,versionamento de código
